ubigeo,area_km2,lat_geo,lon_geo,dist_lima_km_gc
010101,153.133183,-6.238450,-77.850589,651.869247
010102,34.851387,-5.994890,-77.754377,677.415102
010103,316.907020,-6.801612,-77.955235,591.713785
010104,70.292518,-6.292828,-77.676245,643.532381
010105,141.581161,-6.079810,-77.756009,668.056296
010106,183.712482,-6.927198,-77.896444,576.871620
010107,171.099492,-6.097060,-77.574434,664.104540
010108,46.206803,-6.156315,-77.881387,661.381615
010109,124.005164,-6.491650,-77.793116,623.119859
010110,380.494372,-6.805675,-77.823910,589.002756
010111,74.796038,-6.316840,-77.911941,644.195586
010112,135.339629,-6.417105,-77.808264,631.557048
010113,78.826067,-6.582377,-77.769818,612.782306
010114,340.192208,-6.218254,-77.590461,650.840846
010115,122.963465,-6.628060,-77.730897,607.200169
010116,106.747810,-6.002578,-77.676687,675.634475
010117,82.442236,-6.099135,-77.673910,664.923180
010118,40.382067,-6.236462,-77.745388,650.619623
010119,107.910367,-6.349470,-77.838791,639.461507
010120,74.730644,-6.308832,-77.764060,642.877938
010121,120.113989,-6.174325,-77.787812,658.043674
010201,132.969416,-5.583919,-78.534308,737.026419
010202,771.646808,-5.375319,-78.440355,757.509014
010203,98.937054,-5.646820,-78.401632,727.076799
010204,18.165482,-5.619975,-78.475805,731.707919
010205,4585.018376,-4.992716,-78.399034,798.368949
010206,138.065988,-5.598095,-78.425998,732.931935
010301,158.609132,-5.973652,-77.802275,680.385363
010302,161.772235,-5.902210,-77.727631,687.326605
010303,31.803705,-6.010010,-77.927339,678.201440
010304,64.169570,-5.822725,-77.802329,697.046808
010305,96.427807,-5.909414,-77.914221,689.074165
010306,221.993226,-5.815290,-77.971630,700.331869
010307,75.736454,-5.940690,-78.021430,687.370455
010308,28.043176,-5.936640,-77.774089,684.100590
010309,112.415459,-6.006606,-77.855479,677.492567
010310,125.328080,-5.883902,-78.053794,694.168474
010311,78.003296,-6.078285,-77.870375,669.811103
010312,1679.275232,-5.470527,-77.848383,736.537557
010401,4182.506918,-4.898628,-77.953714,801.076520
010402,5608.949365,-4.051239,-78.350346,900.581980
010403,8074.581799,-3.754292,-77.918153,927.057920
010501,73.093443,-6.110833,-77.926383,667.090852
010502,218.709264,-6.178495,-78.337777,667.777804
010503,340.975198,-6.632475,-78.012941,611.331785
010504,107.584711,-6.319360,-77.995478,645.339508
010505,248.583420,-6.117153,-78.211779,671.668463
010506,118.480835,-6.254742,-78.013049,652.743947
010507,58.649021,-6.403030,-78.003676,636.307030
010508,69.492212,-6.207172,-78.036673,658.388630
010509,82.985714,-6.186697,-77.939519,658.958203
010510,67.716544,-6.110930,-78.117294,670.446459
010511,87.681761,-6.496571,-77.956702,625.202864
010512,171.876243,-6.204268,-78.221976,662.377677
010513,363.727300,-6.354470,-78.149312,644.451843
010514,290.701739,-6.470384,-78.092002,630.617089
010515,116.403898,-6.315809,-78.293177,651.814217
010516,35.531428,-6.077795,-77.946813,671.054105
010517,181.715033,-6.650170,-77.861112,606.708130
010518,207.788950,-6.003412,-78.008631,680.261002
010519,86.292183,-6.479596,-77.902674,626.146177
010520,164.653266,-6.073272,-78.095816,674.161868
010521,89.934799,-6.574950,-77.901120,615.638511
010522,108.977209,-6.390400,-77.941672,636.603165
010523,13.983341,-6.134970,-78.012593,665.881737
010601,102.144988,-6.371752,-77.454261,632.604784
010602,153.743465,-6.539604,-77.420059,613.724519
010603,180.702575,-6.369070,-77.656685,634.872963
010604,77.614431,-6.439169,-77.531651,625.797762
010605,614.499491,-6.553003,-77.614879,614.052536
010606,82.202824,-6.343515,-77.572703,636.791526
010607,202.473638,-6.294127,-77.474723,641.376939
010608,42.941913,-6.501015,-77.414050,617.962029
010609,225.085163,-6.403405,-77.347987,628.365068
010610,20.219428,-6.455704,-77.458127,623.324460
010611,19.445896,-6.493770,-77.466909,619.174528
010612,861.269434,-6.190813,-77.339080,651.922879
010701,727.454101,-5.824825,-78.444314,708.712372
010702,1798.803620,-5.612210,-78.164322,725.972547
010703,300.886868,-5.882952,-78.618871,706.847030
010704,306.993312,-5.703687,-78.628708,726.457449
010705,350.385191,-5.936760,-78.221643,691.575638
010706,364.155517,-6.068505,-78.407205,681.371090
010707,135.287884,-6.007775,-78.525982,690.918114
020101,422.679879,-9.582550,-77.513420,278.746993
020102,138.266430,-9.463798,-77.847721,300.330332
020103,52.017121,-9.584480,-77.812933,286.381964
020104,208.860826,-9.732998,-77.819462,270.855276
020105,345.534113,-9.475240,-77.495530,290.145180
020106,62.264633,-9.443707,-77.601424,295.769434
020107,148.377768,-9.630704,-77.709523,278.305570
020108,230.778499,-9.607940,-77.359739,273.344568
020109,351.673899,-9.652004,-77.885823,281.710295
020110,168.127152,-9.469790,-77.755596,296.896754
020111,261.263195,-9.505265,-77.691568,291.311177
020112,117.147869,-9.395473,-77.491587,298.818993
020201,162.420501,-9.795971,-77.579413,257.002439
020202,259.028323,-9.801980,-77.822171,263.673674
020203,39.917553,-9.784740,-77.673689,260.746760
020204,156.697572,-9.697526,-77.623936,268.780575
020205,77.415538,-9.833250,-77.644572,254.708504
020301,95.345567,-9.070506,-76.995275,330.945044
020302,65.474500,-9.221613,-76.978969,314.179385
020303,71.988189,-9.036109,-77.067885,334.740285
020304,50.524050,-9.145255,-77.025590,322.598042
020305,172.063545,-9.105578,-77.111893,327.091688
020306,101.942658,-9.217301,-77.039113,314.581696
020401,451.220226,-9.214828,-77.390032,317.134460
020402,76.542915,-9.104188,-77.418783,329.729566
020501,185.812529,-10.189251,-77.137645,206.764696
020502,11.907044,-10.313195,-77.156734,193.123878
020503,121.918327,-10.203942,-77.485616,210.491052
020504,436.845587,-9.963605,-77.115319,231.731459
020505,185.188909,-10.205901,-77.327684,207.000854
020506,20.733393,-10.333885,-77.190292,191.101363
020507,305.033853,-10.298515,-77.583522,203.109001
020508,817.966705,-9.911186,-76.944611,237.666793
020509,389.769588,-10.091623,-77.027365,217.367758
020510,117.474295,-10.247999,-77.415091,204.055676
020511,62.472316,-10.303895,-77.098564,193.853176
020512,126.035416,-10.373825,-77.128178,186.214837
020513,210.630220,-10.241188,-77.016297,200.751234
020514,42.717806,-10.293227,-77.206401,195.759127
020515,92.560025,-10.234860,-77.222905,202.390077
020601,195.333584,-9.291260,-77.674348,314.032612
020602,14.572669,-9.290345,-77.609069,312.642563
020603,13.207684,-9.224218,-77.645573,320.650266
020604,43.209536,-9.363110,-77.623724,305.043323
020605,46.361776,-9.284274,-77.727552,316.115789
020606,176.991895,-9.296990,-77.497042,309.722750
020607,11.925026,-9.357230,-77.574076,304.603045
020608,122.927854,-9.342748,-77.430087,303.595359
020609,127.793070,-9.166901,-77.560222,325.140291
020610,15.748661,-9.257875,-77.659499,317.307427
020611,45.271435,-9.407191,-77.642578,300.691848
020701,247.432480,-9.092910,-77.292818,329.547961
020702,204.923367,-9.030710,-77.172797,335.630389
020703,174.637101,-9.027572,-77.247297,336.421783
020801,1207.728816,-9.497799,-78.233668,311.816862
020802,480.442427,-9.373182,-78.116188,319.542569
020803,217.337840,-9.508954,-78.342849,315.867193
020804,365.330265,-9.507544,-78.040426,302.607063
020901,151.661468,-8.545298,-77.935265,401.358249
020902,57.463966,-8.518005,-77.883393,402.971045
020903,153.807570,-8.602056,-78.056711,398.726035
020904,425.931470,-8.526011,-77.783897,399.755693
020905,94.672859,-8.686750,-77.919852,385.692949
020906,46.801920,-8.621995,-77.852806,390.946840
020907,84.906136,-8.635270,-77.962547,392.412809
021001,399.665630,-9.299025,-77.240948,306.260328
021002,80.666625,-9.257258,-76.889012,310.593288
021003,165.449475,-9.274440,-77.116556,308.333226
021004,419.382598,-9.665460,-77.218516,265.442841
021005,89.034661,-9.313796,-76.911578,304.189761
021006,76.268152,-9.192986,-76.803564,318.360357
021007,152.071632,-9.421015,-77.090185,291.975382
021008,161.756965,-9.465171,-77.229027,287.739491
021009,75.222156,-9.338370,-77.091377,301.165980
021010,138.977446,-9.161009,-76.878378,321.343662
021011,119.006297,-9.341966,-76.992477,300.769597
021012,9.547625,-9.351026,-77.054715,299.714737
021013,145.514437,-9.273809,-76.787159,309.560834
021014,561.504078,-9.635362,-77.124717,268.244431
021015,143.957311,-9.471491,-76.989638,286.375643
021016,51.884600,-9.181958,-76.933664,318.734663
021101,2908.841589,-10.212149,-77.885924,223.741813
021102,98.515058,-9.980065,-77.695830,240.566254
021103,630.305200,-9.842026,-78.086335,270.293706
021104,113.096464,-9.905610,-77.760874,250.617062
021105,167.703379,-9.917090,-77.667098,246.379410
021201,243.800199,-9.024404,-77.748183,344.762894
021202,195.132462,-8.795218,-77.898386,373.423836
021203,69.441319,-9.033245,-77.875302,347.184755
021204,54.003986,-8.883135,-77.890313,363.738901
021205,105.829906,-8.958761,-77.892151,355.663149
021206,500.103493,-9.119977,-77.966291,340.696267
021207,127.213785,-9.151295,-77.818352,332.891511
021208,359.367379,-8.908718,-77.712482,356.493331
021209,84.390519,-8.846494,-77.952409,369.451004
021210,547.228994,-8.767733,-77.725884,372.144302
021301,45.791525,-8.864935,-77.357061,355.427418
021302,75.980253,-8.824063,-77.385531,360.261797
021303,98.458800,-8.887931,-77.218342,351.729744
021304,213.547942,-8.782371,-77.293154,363.974358
021305,49.090032,-8.903823,-77.292645,350.504564
021306,139.105083,-8.970255,-77.457583,345.043903
021307,75.274034,-8.924271,-77.444854,349.936324
021308,38.871203,-8.893155,-77.341193,352.139224
021401,226.234712,-10.397701,-77.383204,187.048457
021402,254.851151,-10.501894,-77.339014,174.752342
021403,78.620189,-10.321892,-77.249920,193.082873
021404,106.568945,-10.498312,-77.217176,173.186543
021405,411.103662,-10.656908,-77.482599,161.772624
021406,108.993251,-10.321214,-77.421375,196.226169
021407,31.473661,-10.384549,-77.202076,185.604134
021408,70.609548,-10.408892,-77.228449,183.204881
021409,534.307870,-10.478955,-77.581043,183.909752
021410,88.703011,-10.463256,-77.387474,180.005698
021501,144.674062,-8.409715,-77.949363,416.367147
021502,81.822161,-8.340884,-78.060227,426.809016
021503,579.514803,-8.260410,-77.719733,427.450729
021504,13.561656,-8.302905,-77.995016,429.100494
021505,115.514684,-8.328679,-77.959239,425.380165
021506,63.517412,-8.261520,-77.909804,431.421416
021507,29.226667,-8.514000,-78.040302,407.660034
021508,110.297475,-8.261514,-77.997600,433.636281
021509,439.912715,-8.159382,-77.812785,440.355798
021510,290.039430,-8.572040,-78.141932,404.605616
021511,198.784853,-8.441636,-78.064994,416.139369
021601,344.070757,-8.788796,-77.492179,365.546670
021602,88.765138,-8.885104,-77.478069,354.726655
021603,338.806198,-8.614683,-77.396020,383.540215
021604,149.644663,-8.706490,-77.350857,372.905871
021701,149.329776,-9.713598,-77.455399,263.278784
021702,1024.544113,-9.924439,-77.338478,238.148229
021703,175.034053,-9.943712,-77.545080,240.149506
021704,110.989024,-10.066817,-77.528666,226.415006
021705,95.912754,-10.136757,-77.563982,219.825583
021706,182.544689,-10.071662,-77.452314,224.081987
021707,104.725251,-10.086631,-77.369466,220.812560
021708,258.977819,-10.120108,-77.647004,224.110540
021709,78.225282,-9.994020,-77.525362,234.212377
021710,146.120372,-9.734365,-77.375361,259.638112
021801,1445.088425,-8.899971,-78.408447,380.392004
021802,528.170656,-8.963609,-78.065508,360.561391
021803,8.467419,-9.028728,-78.618182,377.154984
021804,586.904639,-8.796470,-78.124055,380.224407
021805,356.925632,-9.159229,-78.126368,342.181660
021806,456.879566,-9.125565,-78.277194,351.685935
021807,149.226074,-9.272579,-78.444638,344.373779
021808,40.849848,-8.991713,-78.618868,380.859793
021809,400.814581,-9.117848,-78.460251,360.610347
021901,46.016792,-8.541065,-77.612429,394.724451
021902,150.329147,-8.296213,-77.570329,420.978273
021903,89.110540,-8.473287,-77.481472,400.199815
021904,69.586906,-8.583801,-77.660319,390.903087
021905,173.453749,-8.366822,-77.643043,414.387826
021906,276.600562,-8.501654,-77.515452,397.534546
021907,148.275428,-8.393738,-77.501893,409.251600
021908,208.774409,-8.464346,-77.674870,404.263808
021909,211.313170,-8.669127,-77.626334,380.919725
021910,82.453175,-8.636631,-77.532598,382.914702
022001,273.223488,-9.086038,-77.677443,336.406054
022002,136.934188,-9.324520,-77.835711,314.813139
022003,62.926059,-9.189164,-77.658901,324.765409
022004,47.020523,-9.161445,-77.765218,330.364287
022005,370.748073,-9.331746,-77.973080,318.507402
022006,21.674199,-9.155955,-77.696317,329.242244
022007,166.515408,-9.309623,-77.780542,314.809642
022008,283.825804,-9.004025,-77.422532,340.833670
030101,286.551991,-13.632836,-72.854700,487.094402
030102,176.850086,-13.997174,-72.968675,491.768405
030103,634.253355,-13.974618,-72.851140,502.169423
030104,859.716110,-13.634084,-72.572887,515.736040
030105,427.108263,-13.478910,-72.986838,467.796553
030106,525.595149,-13.825145,-72.775785,502.927178
030107,373.770093,-13.776308,-73.047210,473.834049
030108,117.934510,-13.487246,-72.799377,487.256133
030109,54.568751,-13.587435,-72.866241,484.157702
030201,197.259229,-13.766058,-73.408772,437.820771
030202,185.640064,-13.498453,-73.391852,427.564321
030203,146.730351,-13.883690,-73.621528,423.275693
030204,156.295768,-13.645859,-73.031155,469.850657
030205,111.140096,-13.768253,-73.548775,424.331498
030206,95.319834,-13.990230,-73.549412,435.814670
030207,309.046966,-13.662362,-73.163216,457.336866
030208,259.373193,-13.526830,-73.104730,457.647694
030209,170.665962,-13.600055,-73.319140,439.118830
030210,590.659552,-14.325267,-73.457194,463.547398
030211,122.859367,-14.097712,-73.437048,452.257133
030212,178.561151,-13.794744,-73.661096,414.858923
030213,248.614355,-13.717033,-73.263528,449.792361
030214,84.929333,-13.964177,-73.599252,429.707127
030215,156.092417,-13.666779,-73.536526,420.631722
030216,158.019977,-13.612425,-73.451584,426.506053
030217,453.424046,-13.969020,-73.438196,445.194125
030218,123.766406,-13.784230,-73.477675,432.002591
030219,112.090613,-13.516624,-73.277783,439.775835
030220,175.236821,-13.804736,-73.327005,447.642341
030301,602.525079,-14.518025,-72.746294,540.078974
030302,66.604551,-14.164128,-73.043117,493.001904
030303,350.743849,-14.361135,-72.766688,529.619140
030304,632.361037,-14.565667,-72.905997,528.028827
030305,1170.606838,-14.456832,-72.504503,559.523724
030306,229.231460,-14.223504,-72.979090,502.204926
030307,176.532055,-14.326494,-73.015129,504.365303
030401,339.029305,-14.291755,-73.217091,483.610409
030402,83.288447,-14.113844,-73.353700,460.954676
030403,230.271398,-14.427598,-73.082731,503.790429
030404,204.060331,-13.993440,-73.100384,478.820288
030405,91.770992,-13.975015,-73.272657,461.309897
030406,1735.309943,-14.596030,-73.270914,496.900520
030407,72.782850,-14.086055,-73.247086,469.518182
030408,100.994600,-14.106340,-73.195761,475.460136
030409,103.766094,-13.904694,-73.263832,458.633701
030410,87.573482,-14.228775,-73.087755,492.213740
030411,96.209844,-13.883285,-73.204605,463.333754
030412,365.245342,-14.298834,-73.349154,471.836158
030413,44.385369,-14.166650,-73.282130,470.563969
030414,158.187798,-14.109357,-73.100623,484.670942
030415,142.393921,-13.889032,-73.127102,471.158869
030416,168.616725,-14.031997,-73.317665,459.963985
030417,104.366716,-14.218483,-73.172734,483.665311
030501,714.099715,-13.898535,-72.203563,563.327158
030502,326.959430,-13.760315,-72.345977,543.551015
030503,418.982970,-13.923255,-72.386881,545.909591
030504,484.065042,-14.274720,-72.252568,574.764638
030505,221.923888,-14.017190,-72.082923,580.242993
030506,453.502461,-14.178267,-72.302618,565.394162
030601,135.473932,-13.518783,-73.759987,391.817083
030602,91.012312,-13.546804,-73.666752,402.287381
030603,108.193461,-13.618767,-73.744956,397.989708
030604,306.716887,-13.314376,-73.709280,388.132762
030605,216.930010,-13.499822,-73.531770,413.613529
030606,114.690142,-13.415033,-73.648939,398.309653
030607,146.864701,-13.664570,-73.657051,408.757594
030608,100.006690,-13.550581,-73.600116,409.041821
030609,55.409480,-13.458063,-73.622577,402.764177
030610,59.730176,-13.389400,-73.549636,407.247655
030611,144.148076,-13.390207,-73.782531,383.893245
030612,29.149433,-13.468288,-73.805574,385.024599
030701,425.410086,-14.104001,-72.764150,516.799762
030702,310.154184,-13.965932,-72.650482,521.520257
030703,349.621375,-13.847998,-72.557456,525.704097
030704,124.134382,-13.956822,-72.500398,536.002604
030705,62.668616,-14.214260,-72.566965,541.278058
030706,104.776978,-14.135330,-72.591540,535.100557
030707,146.412098,-14.221535,-72.751716,523.809734
030708,240.419716,-14.104227,-72.436108,548.891455
030709,25.353596,-14.179260,-72.600461,536.332504
030710,31.042474,-14.121958,-72.660056,527.786001
030711,50.969850,-14.220935,-72.643691,534.182209
030712,6.578900,-14.078360,-72.635116,528.163509
030713,114.247848,-14.293415,-72.665751,535.700329
030714,136.403565,-14.104475,-72.543417,538.361175
040101,11.413650,-16.404010,-71.534207,766.223221
040102,67.624192,-16.337660,-71.497734,764.718594
040103,232.858801,-16.279393,-71.460310,763.929477
040104,174.936128,-16.297998,-71.573949,755.593078
040105,86.112210,-16.448679,-71.359238,783.959647
040106,230.250438,-16.369975,-71.357526,778.759396
040107,20.516906,-16.459040,-71.568763,767.182569
040108,695.558703,-16.589430,-71.805948,757.181660
040109,28.956178,-16.365947,-71.453062,770.412024
040110,26.129097,-16.350180,-71.462441,768.546575
040111,31.244396,-16.506134,-71.473886,778.341984
040112,28.385814,-16.420861,-71.474821,772.350834
040113,169.671090,-16.492690,-71.341693,788.446633
040114,397.957178,-16.623543,-71.355143,796.389956
040115,34.865085,-16.544210,-71.447655,783.177044
040116,35.832942,-16.452225,-71.459888,775.764347
040117,14.276341,-16.426422,-71.575942,764.306638
040118,35.736759,-16.412122,-72.166057,715.386337
040119,2382.977044,-16.210082,-71.094223,790.925720
040120,183.031238,-16.267015,-72.069245,712.487912
040121,425.152461,-16.507838,-72.135074,724.994970
040122,25.526868,-16.472110,-71.537854,770.658543
040123,37.219618,-16.463811,-71.604386,764.571967
040124,270.495490,-16.462129,-71.694023,757.077500
040125,1531.741770,-16.471610,-71.963120,735.946559
040126,3.667225,-16.388182,-71.542054,764.472776
040127,485.607747,-16.629662,-71.547289,781.023883
040128,1918.437581,-16.160215,-71.614071,742.839593
040129,11.161351,-16.432680,-71.528484,768.688712
040201,11.129104,-16.632000,-72.712717,690.981038
040202,16.221249,-16.595229,-72.734331,686.421133
040203,555.014075,-16.055576,-73.117213,614.778280
040204,593.143988,-16.475795,-72.864624,667.235611
040205,390.507593,-16.473605,-72.624341,684.792293
040206,1421.049920,-16.265940,-73.002021,640.188836
040207,896.099585,-16.692829,-72.340707,723.390142
040208,113.041578,-16.598205,-72.667401,691.554505
040301,754.084258,-15.864432,-73.327495,583.874610
040302,1157.540835,-15.389864,-74.558272,458.501836
040303,3093.989659,-16.070113,-73.555454,584.471528
040304,423.346272,-15.665435,-74.276028,501.124133
040305,1194.904153,-15.377441,-74.763984,444.715575
040306,1384.839609,-15.553289,-73.428315,551.673249
040307,341.020468,-15.775702,-74.191189,516.381374
040308,1502.587287,-15.830728,-73.961483,536.286723
040309,705.640894,-15.548008,-74.150749,499.096983
040310,423.056506,-15.445213,-74.393379,474.017568
040311,446.700379,-15.362376,-74.950873,432.444572
040312,1036.312962,-15.560880,-73.744676,528.684711
040313,543.325399,-15.636295,-74.441972,488.017575
040401,618.626492,-16.017000,-72.531222,657.027110
040402,471.674713,-15.492690,-72.413276,629.871784
040403,285.284384,-15.634349,-72.293233,649.629151
040404,1195.718917,-15.189920,-72.140168,634.664811
040405,182.335260,-15.345063,-72.378492,623.188210
040406,902.954931,-15.423511,-72.080907,654.338175
040407,797.144908,-16.013299,-72.365545,670.099069
040408,246.985462,-15.618978,-72.460595,634.410709
040409,728.628669,-15.136125,-72.285258,618.347072
040410,265.837250,-15.676939,-72.623487,624.894997
040411,55.481771,-15.745003,-72.496715,640.177677
040412,340.252429,-15.742480,-72.362065,651.205276
040413,693.198361,-16.261014,-72.511650,676.881422
040414,137.092142,-15.620000,-72.573027,625.065769
040501,242.486512,-15.641679,-71.573062,713.026939
040502,365.350214,-15.813589,-71.727466,710.209718
040503,461.461792,-15.689063,-71.953072,682.518429
040504,1538.613903,-15.490169,-71.231817,735.077835
040505,1505.121462,-15.103196,-71.807127,660.069882
040506,114.027654,-15.588967,-71.631342,704.590769
040507,715.302616,-15.783980,-72.149294,671.977526
040508,371.904920,-16.021746,-71.818836,716.108241
040509,74.374752,-15.585752,-71.701465,698.129248
040510,389.027584,-15.498919,-71.749789,688.488616
040511,1226.641454,-15.965990,-72.051658,692.662453
040512,236.762452,-15.738346,-71.799413,699.088173
040513,159.230466,-15.539542,-71.859699,681.193118
040514,1540.263358,-15.798882,-71.096917,765.325290
040515,283.650258,-15.350175,-71.577978,695.248989
040516,413.706056,-15.424115,-71.927580,668.002780
040517,1440.794580,-15.208089,-71.362612,707.284929
040518,239.391812,-15.481145,-71.597394,701.148548
040519,1111.861330,-15.802239,-71.471574,731.978329
040520,1646.352336,-16.324295,-72.287830,699.201374
040601,1185.742250,-16.036927,-72.799711,637.406565
040602,810.743010,-15.787950,-72.815586,617.380021
040603,1392.944008,-15.026335,-72.360870,604.898809
040604,390.773825,-15.521975,-72.968468,585.558837
040605,237.610502,-15.914396,-72.593701,644.466540
040606,532.933391,-15.842239,-73.177991,593.319986
040607,1240.772410,-15.412173,-72.719939,598.353707
040608,1055.839598,-15.691820,-73.016859,594.238195
040701,932.170926,-16.871340,-71.939316,767.837212
040702,1549.846041,-16.901750,-71.559366,799.850206
040703,134.357651,-17.100553,-71.832373,793.726152
040704,364.132314,-16.894600,-72.102573,757.185135
040705,102.846866,-17.042494,-71.891773,784.698095
040706,756.469282,-17.170698,-71.602503,816.726401
040801,166.702790,-15.293146,-72.848651,579.326086
040802,191.453614,-15.160174,-72.728385,580.715629
040803,162.235637,-15.203430,-73.049756,556.215311
040804,935.183830,-14.924250,-72.777537,561.292128
040805,787.614264,-14.994753,-72.920619,553.208139
040806,1503.412683,-14.941845,-72.534804,584.104303
040807,135.330879,-15.288504,-73.088365,558.977341
040808,70.579276,-15.333440,-73.239347,549.891462
040809,317.793093,-15.411105,-73.177233,560.593948
040810,96.500984,-15.201902,-72.799614,577.329242
040811,525.969331,-15.397461,-73.019132,572.443769
050101,81.330848,-13.137538,-74.252776,326.173420
050102,430.403504,-13.302126,-74.014694,356.940217
050103,154.562982,-13.119795,-74.067536,344.235217
050104,16.953845,-13.205057,-74.243948,329.884183
050105,454.806094,-13.370197,-74.169645,344.659066
050106,300.857654,-13.379827,-73.900600,371.675146
050107,53.952370,-13.043984,-74.237086,324.100536
050108,114.865727,-13.058581,-74.132234,335.348958
050109,80.969088,-13.118895,-74.324115,318.227874
050110,15.615478,-13.202859,-74.214202,332.764386
050111,89.753615,-13.075594,-74.356794,313.174492
050112,169.803277,-13.261020,-74.272550,329.500076
050113,150.970234,-13.196455,-74.142606,339.677607
050114,914.890897,-13.301494,-74.489637,310.147684
050115,16.117985,-13.123179,-74.202128,330.708194
050116,9.136495,-13.154233,-74.199481,332.223141
050201,184.292394,-13.596995,-74.112031,361.513245
050202,411.919121,-13.489722,-74.428912,325.735138
050203,249.491872,-13.495715,-74.217527,346.173282
050204,131.771164,-13.558975,-74.295964,342.038678
050205,777.609235,-13.461180,-74.740282,295.127473
050206,115.270887,-13.559758,-74.499539,323.046330
050301,1357.060704,-13.973720,-74.548418,344.892230
050302,196.665384,-13.814235,-74.298289,356.512904
050303,639.472178,-13.969590,-74.215639,373.549443
050304,645.905776,-13.828603,-74.504351,339.032393
050401,164.722853,-12.901215,-74.187238,324.267781
050402,370.368868,-12.528515,-74.300470,302.729993
050403,93.871178,-12.982825,-74.139435,331.918830
050404,60.521727,-12.976917,-74.206555,324.802328
050405,141.896287,-12.855275,-74.276644,313.522614
050406,192.177437,-12.708590,-74.277336,309.248598
050407,896.975917,-12.600675,-73.995463,336.725930
050408,516.077173,-12.454784,-74.160965,316.421739
050409,269.237556,-12.326714,-74.042031,327.635144
050410,255.605802,-12.766668,-74.074258,332.174193
050411,716.470076,-12.310880,-74.352170,293.924661
050412,106.013605,-12.785105,-74.189321,320.570070
050413,93.991124,-12.608420,-74.191242,316.006263
050501,255.200667,-12.987292,-73.932804,353.430418
050502,748.639640,-13.054725,-73.672044,382.642070
050503,285.307364,-12.699036,-73.861228,353.091816
050504,154.249647,-13.174018,-73.848123,368.633558
050505,518.564416,-13.242698,-73.631022,393.337219
050506,133.822293,-13.242969,-73.880813,367.958205
050507,389.200647,-12.761345,-73.785952,362.511190
050508,309.304954,-12.922192,-74.021390,342.166893
050509,267.621866,-12.839413,-73.694444,374.109640
050510,266.953918,-12.939414,-73.663557,380.052526
050511,553.738450,-13.328742,-73.406404,419.443453
050512,39.099190,-12.927862,-73.559586,390.642625
050513,112.281435,-12.875102,-73.658726,378.800651
050514,100.153659,-13.116727,-73.969218,354.149326
050515,95.842756,-13.057287,-73.939331,355.095809
050601,863.940523,-14.685627,-73.994390,441.428256
050602,872.533020,-14.161060,-74.184793,388.690168
050603,405.351084,-14.373540,-74.088273,411.384179
050604,464.253033,-14.452730,-73.964310,427.313361
050605,366.940230,-14.950975,-73.910171,467.981012
050606,1156.179318,-14.480443,-73.708451,451.062691
050607,312.613323,-14.171925,-74.991519,324.350182
050608,779.972332,-14.277515,-74.826295,345.158154
050609,1110.665435,-14.688980,-74.644948,391.942998
050610,493.549825,-14.251106,-74.932998,335.082909
050611,1211.658732,-14.501597,-74.296790,403.526986
050612,859.090774,-14.431390,-74.884833,353.382922
050613,716.576839,-14.494832,-74.645957,376.028818
050614,575.658164,-14.942100,-74.349677,434.105902
050615,407.456154,-14.808070,-74.219799,433.013152
050616,46.855096,-14.655227,-74.193129,423.300380
050617,727.611994,-14.966325,-74.204022,446.763213
050618,520.469120,-14.294911,-74.467169,374.518570
050619,1504.299155,-15.160964,-74.165129,465.441138
050620,45.502408,-14.224285,-73.930315,414.997577
050621,1034.052336,-14.919990,-74.558781,417.402483
050701,1388.403377,-14.802350,-73.782648,467.132042
050702,372.214091,-15.102600,-73.687649,496.957108
050703,1081.619939,-14.773401,-73.182628,515.980495
050704,147.042863,-14.962748,-73.375663,512.175103
050705,1563.623154,-15.379370,-74.055393,491.386713
050706,643.280509,-15.277922,-73.568130,519.635573
050707,102.981827,-14.992577,-73.356450,515.864266
050708,575.667579,-14.895210,-73.488452,498.029884
050801,251.426492,-15.309150,-73.361199,538.320501
050802,248.108559,-15.139720,-73.265785,533.762986
050803,100.862807,-15.261886,-73.215535,546.627869
050804,281.008087,-15.144540,-73.454705,518.671692
050805,120.358426,-15.092118,-73.389209,520.204431
050806,793.715729,-15.033940,-73.077233,542.294173
050807,56.662481,-15.210088,-73.454223,523.538066
050808,117.501482,-15.051083,-73.294626,525.118562
050809,28.415400,-15.227780,-73.185143,546.677958
050810,85.031004,-15.267409,-73.453457,527.866632
050901,282.124787,-13.990239,-73.823234,410.321443
050902,36.352261,-13.799372,-73.768097,404.895928
050903,54.890701,-13.855683,-73.754977,409.148778
050904,29.764161,-13.889774,-73.724150,413.902742
050905,144.062262,-14.215709,-73.844816,422.009301
050906,288.942968,-14.167605,-73.783262,424.529514
050907,79.324671,-14.015623,-73.662121,426.681107
050908,314.274101,-14.280225,-73.564361,451.130258
050909,141.830378,-13.991116,-73.731806,418.822358
050910,61.545879,-14.084892,-73.662594,430.596090
050911,351.818787,-14.213525,-73.675082,437.083177
051001,239.405904,-13.778297,-74.078667,374.546934
051002,116.022772,-13.671531,-74.206889,356.595024
051003,175.919468,-14.084639,-74.035854,396.779060
051004,71.362072,-14.074150,-73.948111,403.969775
051005,265.303149,-13.960558,-73.996878,392.675025
051006,63.560848,-13.793857,-73.988491,383.825942
051007,63.928634,-13.715584,-74.031890,375.444284
051008,72.444118,-13.697736,-74.280330,351.255796
051009,162.205967,-13.748596,-74.177140,363.721298
051010,156.762823,-13.868512,-73.986550,388.230378
051011,378.927828,-13.692778,-74.425752,337.621793
051012,500.011364,-13.663958,-74.637706,316.743116
051101,220.300487,-13.647939,-73.873757,386.958415
051102,86.469700,-13.807253,-73.867775,395.889872
051103,54.285082,-13.736470,-73.781681,400.315513
051104,211.823072,-13.544770,-73.878878,381.380051
051105,162.982868,-13.740429,-73.907498,388.538381
051106,88.109349,-13.884673,-73.857060,401.168862
051107,89.229957,-13.703119,-73.748857,401.767927
051108,265.103195,-13.551492,-74.001389,369.810313
060101,379.112178,-7.065196,-78.594941,579.426250
060102,213.955762,-7.335348,-78.535683,548.792043
060103,73.517143,-7.135700,-78.658415,574.039800
060104,552.530114,-7.453353,-78.489854,534.763285
060105,633.378345,-6.981620,-78.407955,582.723443
060106,295.174026,-7.298787,-78.347498,546.927433
060107,50.758653,-7.189380,-78.419901,560.767713
060108,281.978995,-7.082760,-78.470486,573.688089
060109,206.967145,-7.224615,-78.631168,563.707434
060110,57.558856,-7.276055,-78.262440,547.016983
060111,157.661420,-7.181954,-78.292250,557.966156
060112,72.342617,-7.268691,-78.494699,554.570668
060201,190.095996,-7.630885,-78.036132,502.893161
060202,817.432874,-7.568248,-78.250545,515.222440
060203,196.925491,-7.532065,-78.095325,515.042585
060204,581.184594,-7.492016,-77.900347,515.064377
060301,404.761463,-6.759010,-78.107396,599.409312
060302,204.822207,-6.567909,-78.199242,622.246371
060303,251.668388,-6.486601,-78.281141,632.969992
060304,445.463742,-6.836107,-78.331441,596.339356
060305,51.961578,-6.941368,-78.054835,578.395249
060306,50.380929,-6.926219,-78.159362,582.349688
060307,262.613932,-6.676715,-78.204182,610.515747
060308,281.649477,-7.047263,-78.034870,566.416132
060309,166.554473,-6.944464,-78.295958,583.707978
060310,262.331693,-7.021693,-78.190354,572.708281
060311,99.610654,-6.879155,-78.058943,585.273305
060312,169.505716,-6.708461,-78.282894,608.932338
060401,266.736332,-6.570346,-78.621352,633.047861
060402,151.602591,-6.335147,-78.580529,657.091795
060403,64.777555,-6.434157,-78.410217,641.829927
060404,48.132031,-6.424929,-78.712922,651.378623
060405,144.733378,-6.297460,-78.461129,657.923380
060406,207.393581,-6.372029,-78.376986,647.717946
060407,117.520880,-6.495034,-78.863144,648.778143
060408,152.872143,-6.484866,-78.581904,641.047434
060409,244.556669,-6.430882,-78.969955,659.237770
060410,120.447302,-6.566775,-78.734682,636.940197
060411,490.684125,-6.538060,-79.139793,654.266262
060412,421.609212,-6.408074,-79.286843,673.557488
060413,98.327286,-6.535858,-78.395801,630.461309
060414,139.041823,-6.171226,-78.481543,672.098317
060415,298.400995,-6.356737,-79.092565,671.443529
060416,199.926705,-6.477308,-79.248178,664.834492
060417,194.254503,-6.393551,-78.559842,650.229534
060418,216.705660,-6.469085,-79.360627,670.268756
060419,177.083475,-6.523261,-78.492269,634.392291
060501,351.833966,-7.324136,-78.726730,556.568571
060502,131.301464,-7.256895,-78.823771,567.204233
060503,292.884762,-7.371638,-79.068165,565.198644
060504,50.385409,-7.359562,-78.924162,560.441622
060505,486.446132,-7.520581,-78.958667,545.258583
060506,65.315007,-7.328283,-78.866122,561.385733
060507,146.952100,-7.269827,-78.944504,570.551548
060508,544.903740,-7.284922,-79.183359,579.086430
060601,430.763116,-6.408310,-78.819088,656.515784
060602,307.812097,-6.142325,-78.923344,688.178054
060603,259.758833,-5.916655,-78.768318,707.427311
060604,100.260344,-6.123916,-78.559426,679.258784
060605,63.814355,-6.223605,-78.553286,668.344759
060606,169.139986,-6.065340,-78.777614,691.782821
060607,686.804380,-6.191498,-79.114463,689.587263
060608,124.474101,-6.213036,-78.701035,673.681198
060609,70.117326,-6.173439,-78.599146,675.008493
060610,71.162765,-6.275642,-78.575554,663.353366
060611,129.523082,-6.103392,-78.844556,689.783666
060612,104.584444,-6.252191,-78.846944,674.015381
060613,229.356332,-6.109414,-78.661335,683.643327
060614,154.743529,-6.286876,-78.717228,666.262623
060615,129.244948,-5.987904,-78.685357,697.383206
060701,453.172377,-6.697229,-78.479074,615.303212
060702,105.677382,-6.689270,-78.699862,622.789201
060703,228.799308,-6.760536,-78.606920,612.276128
060801,555.954989,-5.779541,-78.858465,724.796298
060802,866.486123,-5.583335,-78.729083,742.136122
060803,462.255834,-5.618175,-79.128507,750.585508
060804,602.101395,-5.867539,-78.988777,719.505036
060805,84.821256,-5.610505,-78.919086,744.710411
060806,65.290637,-5.631230,-78.844941,740.276656
060807,812.367894,-5.887153,-79.190645,724.329056
060808,221.079830,-6.028804,-79.110550,706.568471
060809,365.964020,-5.624828,-79.307982,756.133188
060810,256.119056,-5.789060,-79.320478,739.358812
060811,504.082660,-5.517390,-79.053082,758.822227
060812,310.920110,-5.417113,-78.582880,756.304171
060901,356.127787,-5.134366,-79.008466,798.352857
060902,355.767599,-5.317789,-78.898163,775.452061
060903,907.589583,-5.016391,-78.713717,802.977393
060904,404.532844,-5.371532,-78.986308,772.304729
060905,632.818095,-5.102705,-79.190093,807.349914
060906,1359.763381,-4.946922,-78.854160,814.138190
060907,772.609875,-5.341485,-79.204382,782.451855
061001,242.586294,-7.324390,-78.184158,539.752874
061002,68.292667,-7.413775,-78.117810,528.417947
061003,62.322163,-7.436907,-78.147374,526.644859
061004,220.922697,-7.221390,-78.161291,550.341026
061005,67.882005,-7.403870,-78.055037,528.004723
061006,107.765951,-7.353725,-78.011107,532.479118
061007,582.872635,-7.214455,-77.982294,547.064149
061101,354.842178,-7.069875,-78.929168,590.734059
061102,84.438202,-6.977343,-79.171514,610.052703
061103,339.022346,-6.917924,-78.942569,607.106868
061104,202.053537,-6.810745,-78.728027,610.801036
061105,70.308468,-7.044990,-79.001474,596.137793
061106,54.976624,-6.861370,-79.174508,622.123776
061107,142.325828,-6.906905,-78.790986,602.770344
061108,358.822892,-7.001214,-79.254422,611.146579
061109,154.968979,-6.934944,-79.115220,612.098704
061110,308.197070,-7.101535,-79.126176,595.378191
061111,134.265547,-6.942695,-78.737197,597.134984
061112,161.075123,-6.789670,-78.837920,616.776027
061113,170.011289,-7.114070,-79.045393,590.742896
061201,200.004477,-7.081523,-78.778969,583.948949
061202,166.346658,-7.165290,-78.783183,575.296848
061203,42.788232,-7.154876,-78.865096,579.423377
061204,255.459117,-6.967634,-78.665507,592.089539
061301,104.687671,-6.628850,-78.942398,637.414531
061302,8.531647,-6.664193,-78.812986,629.175366
061303,563.975338,-6.740637,-79.049209,629.666850
061304,128.652412,-6.553983,-78.882294,643.195831
061305,59.892130,-6.621495,-78.857692,635.215914
061306,57.716998,-6.692297,-78.781801,625.149648
061307,158.126309,-6.752427,-78.907737,623.175441
061308,31.714826,-6.685418,-78.908590,630.254808
061309,190.269497,-6.588313,-79.035479,645.066897
061310,43.471595,-6.613010,-78.793378,633.940666
061311,33.831664,-6.682555,-78.840923,628.187229
070101,50.038777,-12.003652,-77.119009,9.554434
070102,4.563825,-12.059837,-77.111112,7.577270
070103,1.912777,-12.042416,-77.090934,5.253135
070104,3.263241,-12.071403,-77.117357,8.570908
070105,0.793240,-12.070898,-77.162286,13.275508
070106,78.058254,-11.883923,-77.123224,20.073355
070107,2.812054,-11.853541,-77.120379,23.045875
080101,85.734124,-13.497509,-71.975015,572.742575
080102,161.581467,-13.588116,-72.089179,563.762390
080103,29.043016,-13.500171,-72.028753,567.235275
080104,95.624446,-13.558345,-71.888324,583.614526
080105,68.154506,-13.534751,-71.913185,580.305720
080106,59.030739,-13.570293,-71.992018,573.236217
080107,24.140029,-13.547770,-71.833418,588.994969
080108,5.900585,-13.530173,-71.954663,575.855387
080201,141.300112,-13.901614,-71.668435,617.767241
080202,79.039826,-14.042631,-71.506891,639.398957
080203,137.678548,-13.940405,-71.739932,611.898692
080204,36.224097,-14.106950,-71.493852,643.160886
080205,267.277249,-14.051982,-71.625720,627.702545
080206,183.004198,-13.783630,-71.765129,603.708258
080207,86.023159,-13.953043,-71.565275,630.154737
080301,187.478631,-13.484740,-72.166603,552.440418
080302,124.081042,-13.454740,-72.320416,535.541809
080303,43.622289,-13.465905,-72.044640,564.543131
080304,395.872497,-13.611737,-72.265526,546.387401
080305,220.304695,-13.376548,-72.277503,537.615005
080306,505.962070,-13.483139,-72.437171,524.372954
080307,369.210850,-13.447860,-72.651321,501.102835
080308,33.967503,-13.482304,-72.102354,559.037867
080309,60.897618,-13.468737,-72.235228,544.818586
080401,312.436919,-13.289217,-71.973576,567.028075
080402,70.239883,-13.398270,-71.919056,575.694546
080403,95.490203,-13.325775,-71.882135,577.601520
080404,731.860573,-13.067457,-72.034858,555.253201
080405,147.706995,-13.388395,-71.800397,587.858318
080406,128.046347,-13.499094,-71.775759,593.551120
080407,54.860184,-13.457881,-71.887477,580.692882
080408,1992.620808,-12.765663,-72.135572,538.874171
080501,291.112267,-14.268647,-71.460045,652.981116
080502,504.070262,-14.501636,-71.507695,658.251354
080503,393.762434,-14.526743,-71.294334,680.422990
080504,171.122791,-14.400459,-71.284609,675.977832
080505,425.824730,-14.532758,-71.094907,700.459889
080506,31.173411,-14.144733,-71.452736,648.777801
080507,148.860441,-14.359794,-71.439153,658.857654
080508,115.173631,-14.150115,-71.527287,641.463129
080601,646.408226,-14.253627,-71.093916,689.256480
080602,936.929158,-13.979318,-70.928915,696.323055
080603,173.418739,-14.087802,-71.354557,656.562520
080604,438.746008,-14.375698,-71.113977,692.037543
080605,1091.068764,-13.881267,-71.148741,670.437977
080606,522.959794,-14.172712,-71.068195,688.822286
080607,55.979713,-14.170743,-71.341295,661.049025
080608,82.595214,-14.168274,-71.402768,654.740265
080701,1904.784400,-14.622910,-72.193968,597.705899
080702,267.804042,-14.044865,-71.989820,590.714757
080703,651.219564,-14.340557,-71.868217,615.499288
080704,452.194851,-14.244187,-72.025893,595.631864
080705,958.483867,-14.413147,-71.662271,639.053665
080706,314.993357,-14.431819,-72.156118,591.666836
080707,226.042557,-14.370185,-72.204950,583.943940
080708,570.878964,-14.544633,-71.885398,623.362863
080801,738.313810,-14.914055,-71.342844,693.864931
080802,515.218356,-15.291503,-71.057824,740.411021
080803,1543.044513,-14.767024,-71.691257,653.066961
080804,359.239603,-15.074814,-71.142085,721.181921
080805,817.206197,-14.944332,-71.079668,720.714265
080806,273.929511,-14.689225,-71.328373,684.421622
080807,627.787620,-15.000584,-71.644211,669.666408
080808,359.526990,-14.737554,-71.216721,697.576634
080901,391.528069,-12.860782,-72.744080,475.442985
080902,7598.830421,-12.275799,-72.688675,473.973157
080903,530.035231,-13.052989,-72.491966,506.449175
080904,164.612701,-12.934487,-72.614448,490.782287
080905,862.463950,-12.891140,-72.432022,509.327445
080906,1964.630041,-12.507421,-72.389810,508.141428
080907,541.544451,-12.541247,-73.669810,370.563054
080908,1329.384686,-13.231341,-72.680851,491.257779
080909,2365.910380,-13.042840,-73.020556,450.406168
080910,431.803972,-12.414185,-73.780893,356.824012
080911,771.406405,-13.287108,-73.208229,438.274337
080912,439.021235,-13.048564,-73.356563,415.321003
080913,198.808679,-12.910516,-73.477988,398.767403
080914,10707.703534,-11.731820,-72.902567,451.848234
080915,2940.494822,-12.614238,-73.346249,406.485025
080916,102.249538,-12.798459,-73.552503,388.127184
080917,142.673865,-12.729967,-73.586359,383.002766
080918,307.174782,-12.325937,-73.847562,348.674244
081001,152.677720,-13.730779,-71.863636,591.775348
081002,238.717610,-13.985935,-71.864152,601.029725
081003,325.522448,-13.874385,-72.009379,582.042888
081004,139.818670,-13.875925,-71.866126,596.668655
081005,361.035615,-13.695895,-72.100656,566.232828
081006,427.279909,-14.150655,-71.796355,614.446784
081007,142.059034,-13.762891,-71.945275,584.510401
081008,78.419370,-13.969564,-71.765894,610.354695
081009,100.838022,-13.649611,-71.904726,584.825993
081101,1091.142909,-13.308313,-71.490077,618.484625
081102,106.822864,-13.548711,-71.679136,605.083097
081103,714.104026,-13.120880,-71.773619,584.161595
081104,459.462146,-13.424670,-71.637189,605.962579
081105,145.544267,-13.513266,-71.629885,609.190792
081106,3266.620571,-13.113412,-71.290862,635.384909
081201,140.594319,-13.678313,-71.588190,618.490154
081202,85.669347,-13.658619,-71.681709,608.179766
081203,3361.406081,-13.364821,-70.798857,692.945391
081204,303.327753,-13.551135,-71.356845,638.809305
081205,296.760182,-13.588052,-71.462538,628.819997
081206,242.518599,-13.888589,-71.431859,641.536246
081207,108.445311,-13.751853,-71.679297,611.459135
081208,118.033116,-13.631662,-71.774769,597.686729
081209,1300.208180,-13.633082,-70.919479,686.863051
081210,947.816801,-13.683690,-71.269595,651.743167
081211,78.306653,-13.568775,-71.783327,594.842355
081212,364.185049,-13.802784,-71.515591,630.023246
081301,160.952657,-13.244171,-72.133867,548.989974
081302,102.399614,-13.409821,-72.043905,562.967136
081303,76.783282,-13.324850,-72.038625,561.140088
081304,361.145974,-13.208890,-72.475126,512.180544
081305,141.138587,-13.334452,-72.155829,549.118445
081306,579.181836,-13.234863,-72.311748,530.038935
081307,23.774312,-13.291888,-72.077562,556.165595
090101,510.638002,-12.841365,-74.996790,239.098986
090102,736.866686,-12.704762,-75.379329,194.938134
090103,543.585554,-12.595135,-74.804479,250.694558
090104,41.435001,-12.519382,-75.027209,225.218812
090105,55.060519,-12.451280,-75.035690,222.696996
090106,337.583582,-13.055795,-74.971798,251.242490
090107,36.427276,-12.398803,-75.181927,205.989988
090108,12.349434,-12.497695,-75.011238,226.368518
090109,64.375539,-12.554571,-75.073426,221.292005
090110,158.583453,-12.606202,-75.156342,214.172883
090111,5.234657,-12.549535,-74.936836,235.538310
090112,94.540059,-12.456580,-75.137338,212.015405
090113,246.028234,-12.682699,-75.114646,221.055124
090114,80.876716,-12.675774,-74.981116,234.613349
090115,39.703794,-12.416461,-75.084529,216.747751
090116,308.611502,-12.521865,-75.239991,202.882212
090117,320.574170,-12.819826,-74.819866,256.242358
090118,408.940425,-12.826008,-75.217545,216.323950
090119,195.480334,-12.623446,-75.011378,229.807255
090201,123.409789,-12.829848,-74.575851,281.680182
090202,81.893450,-12.653858,-74.666886,266.766840
090203,90.601447,-12.826873,-74.644113,274.537729
090204,86.936912,-12.876295,-74.468614,294.329618
090205,171.789411,-12.881973,-74.381440,303.521206
090206,220.252937,-12.727050,-74.715031,263.894476
090207,55.215484,-12.860416,-74.520569,288.427583
090208,96.964867,-12.739445,-74.595489,276.731447
090301,825.918330,-13.114627,-74.756950,275.039116
090302,75.393762,-12.884376,-74.705401,270.342088
090303,24.691029,-12.881774,-74.626244,278.329944
090304,107.381167,-12.926685,-74.778316,264.609757
090305,172.729826,-12.980880,-74.358802,309.327185
090306,209.239200,-12.978389,-74.529812,291.811983
090307,107.303684,-12.975160,-74.635316,281.004682
090308,31.834037,-12.921650,-74.670996,275.271912
090309,51.256118,-13.003648,-74.431257,302.799437
090310,33.853842,-13.067817,-74.435190,304.951234
090311,139.197948,-13.138429,-74.454212,306.029653
090312,162.767793,-13.082515,-74.554813,293.572633
090401,922.730029,-13.167653,-75.302169,226.317926
090402,300.568618,-13.119588,-75.499557,205.641975
090403,347.216522,-12.955142,-75.427702,202.364782
090404,400.233874,-13.335277,-75.592969,212.776667
090405,366.018529,-12.915879,-75.570182,186.835882
090406,80.963580,-13.274307,-75.358001,228.148058
090407,175.390382,-13.196719,-75.481285,212.293343
090408,55.317033,-13.104688,-75.689925,188.160033
090409,170.631314,-13.289020,-75.422872,223.552992
090410,195.669182,-13.265616,-75.666051,201.715561
090411,643.533071,-13.084451,-75.144465,236.156164
090412,111.232078,-13.139487,-75.620350,196.470853
090413,182.578450,-13.420564,-75.399441,234.766097
090501,135.076681,-12.712779,-74.388299,297.670958
090502,149.273076,-12.642175,-74.572240,276.416117
090503,161.698912,-12.450610,-74.552076,274.356496
090504,76.856439,-12.701472,-74.494986,286.146335
090505,72.807526,-12.786825,-74.325778,306.320641
090506,92.275173,-12.711459,-74.446471,291.519508
090507,97.460410,-12.575418,-74.517245,280.604169
090508,29.313274,-12.785252,-74.411380,297.329965
090509,128.531345,-12.598230,-74.419593,291.496595
090510,155.829679,-12.511980,-74.464698,284.855587
090511,106.424929,-12.580570,-74.647551,266.903630
090601,393.756384,-13.666371,-75.438314,250.399207
090602,179.850457,-13.724462,-75.362925,260.711286
090603,102.978720,-14.007836,-75.157874,298.765975
090604,37.745585,-13.558910,-75.319269,251.413149
090605,193.323205,-13.905825,-75.072308,297.207460
090606,168.257696,-14.044130,-75.065857,308.546272
090607,2179.526353,-13.463328,-74.979901,273.628640
090608,685.699360,-13.884514,-74.885335,310.521497
090609,239.224447,-13.532735,-75.402256,242.815438
090610,238.874825,-13.458769,-75.250156,249.918630
090611,202.301447,-13.703368,-75.078460,281.573094
090612,168.752895,-13.979432,-75.239596,290.449697
090613,1020.386101,-13.813715,-75.123976,286.110422
090614,175.494507,-14.056947,-74.895702,322.593244
090615,255.849449,-13.653036,-75.144903,272.481216
090616,227.624587,-13.593608,-75.189468,264.525657
090701,74.599238,-12.437777,-74.842913,242.981617
090702,164.324034,-12.422825,-75.000890,225.805593
090703,108.478132,-12.395654,-74.940668,231.725688
090704,99.490316,-12.414028,-74.886621,237.852758
090705,324.709817,-12.389255,-74.707953,256.589432
090706,104.955135,-12.355135,-74.830950,242.829200
090707,217.796441,-12.061170,-74.515505,274.830357
090709,149.491000,-12.252335,-74.862339,238.128507
090710,66.366495,-12.332681,-75.084784,215.179767
090711,226.333477,-12.222270,-75.013633,221.456366
090713,32.638599,-12.248845,-74.768143,248.288618
090714,190.149952,-12.185049,-74.774940,247.038279
090715,117.048424,-12.111765,-74.749704,249.440471
090716,287.756015,-12.083110,-74.946268,228.010433
090717,243.542570,-12.173345,-74.654562,260.032993
090718,179.115705,-12.182180,-74.564430,269.866860
090719,118.490308,-12.471955,-74.721938,256.583053
090720,150.671472,-12.307375,-74.622690,264.644123
090721,184.348721,-12.236036,-74.448939,282.758948
090722,143.479192,-12.180989,-74.929350,230.258268
090723,34.025065,-12.313725,-74.890359,235.832765
090724,87.079296,-12.051198,-74.656109,259.541250
090725,76.733356,-12.207887,-74.542863,272.368402
100101,127.890054,-9.879729,-76.234307,256.578462
100102,133.366782,-9.951411,-76.180080,251.263194
100103,806.724194,-9.653172,-76.147580,283.502130
100104,513.692002,-9.700632,-76.261140,274.446254
100105,209.141707,-10.078169,-76.548999,225.393216
100106,174.473863,-9.868728,-76.422681,251.429824
100107,148.089258,-9.998145,-76.326836,240.786592
100108,269.574709,-10.093275,-76.411376,227.845275
100109,452.151392,-9.787945,-76.360970,261.928863
100110,61.698250,-9.962170,-76.451126,240.584709
100111,77.366192,-10.046454,-76.269774,237.846715
100112,70.767397,-9.947303,-76.515507,240.399643
100113,593.033114,-9.695569,-75.953929,287.169235
100201,287.144068,-10.153488,-76.134495,232.646624
100202,157.054379,-10.210917,-76.382376,216.441070
100203,176.927711,-10.235061,-76.476524,210.673066
100204,112.151065,-10.050910,-76.144335,242.585547
100205,237.935286,-10.204321,-76.276651,221.228425
100206,118.899538,-10.334089,-76.285002,207.568323
100207,440.555108,-10.337560,-76.147878,213.621187
100208,41.603982,-10.063410,-76.190725,239.301933
100301,169.283488,-9.906561,-76.786621,239.576763
100307,151.672663,-9.654033,-76.628907,269.831198
100311,642.713975,-9.547987,-76.467960,284.816528
100313,268.957038,-9.705347,-76.850024,261.162837
100316,37.207973,-9.579605,-76.705570,276.756563
100317,76.225348,-9.800090,-76.841203,250.745984
100321,32.582080,-9.750425,-76.811833,256.543167
100322,72.947439,-9.799610,-76.771014,251.587477
100323,37.339694,-9.703610,-76.738779,262.612903
100401,551.582935,-8.954024,-76.804821,344.839302
100402,184.463330,-8.854960,-77.108084,354.943717
100403,682.729631,-9.111633,-76.591134,330.043610
100404,285.835552,-8.923235,-77.012481,347.295923
100501,413.910413,-9.637538,-76.943757,268.071494
100502,117.734436,-9.123220,-76.751824,326.594708
100503,92.649438,-9.425309,-76.756950,293.119970
100504,219.354635,-9.515047,-76.670691,284.392698
100505,238.713127,-9.215750,-76.637985,317.847136
100506,94.887296,-9.438737,-76.894399,290.411740
100507,1403.733023,-9.341004,-76.396113,309.011608
100508,40.759537,-9.431182,-76.853161,291.535930
100509,98.318733,-9.491785,-76.900619,284.484377
100510,159.746217,-9.353642,-76.837363,300.261043
100511,280.642658,-9.372521,-76.666401,300.151803
100601,260.644617,-9.199229,-76.117578,332.343330
100602,540.167307,-9.389599,-75.745113,327.676424
100603,285.723996,-9.200093,-75.844829,342.500355
100604,1502.218041,-8.851101,-76.074138,370.749927
100605,111.430385,-9.243645,-75.966368,333.109135
100606,746.538196,-9.394437,-76.025218,315.142055
100607,762.111739,-8.574379,-76.094430,399.764395
100608,104.362454,-9.217163,-76.026844,333.610590
100609,320.286915,-9.083918,-75.968126,349.727378
100610,280.756818,-8.969539,-75.959122,362.059843
100701,700.695476,-8.605953,-77.172504,382.823189
100702,2201.665472,-8.646668,-76.745351,379.430140
100703,92.592167,-8.776128,-77.169991,363.903530
100704,906.455589,-8.842462,-76.315421,365.030547
100705,1042.681460,-8.775804,-76.496412,368.548774
100801,1610.041416,-10.160391,-75.879560,245.129745
100802,1078.649465,-9.708485,-75.771605,294.697952
100803,237.772452,-9.998942,-76.056546,251.829133
100804,157.141910,-9.872530,-76.025172,266.025979
100901,2391.334695,-9.289273,-74.945220,382.773817
100902,3223.627880,-9.639646,-75.479943,317.405732
100903,949.273409,-8.715275,-74.687175,451.176187
100904,1740.939379,-9.023931,-74.921898,408.284429
100905,2066.730703,-9.627340,-74.998179,349.581537
101001,454.876604,-10.212885,-76.750005,206.364840
101002,192.090784,-10.110230,-76.797878,216.944699
101003,62.082842,-10.034552,-76.658951,227.595420
101004,133.229546,-10.192021,-76.862409,207.134686
101005,172.636696,-9.959459,-76.712170,234.846286
101006,86.300336,-9.977359,-76.628910,234.459610
101007,821.045490,-10.287769,-76.630828,200.648328
101101,206.186273,-9.808395,-76.543302,254.759324
101102,29.644391,-9.866590,-76.651285,246.122837
101103,16.446043,-9.900632,-76.630950,242.796718
101104,183.727939,-9.722649,-76.566071,263.580161
101105,37.955712,-9.874576,-76.509582,248.411230
101106,124.171762,-9.836270,-76.687682,248.794117
101107,72.967372,-9.768105,-76.715735,255.839080
101108,61.046674,-9.913533,-76.572322,242.660163
110101,887.003352,-14.263105,-75.950792,273.375219
110102,81.674076,-14.010802,-75.686285,263.259346
110103,90.732015,-14.075786,-75.649368,271.476671
110104,1400.664834,-14.494544,-75.775734,304.803881
110105,41.457226,-14.154238,-75.654822,278.437325
110106,17.242593,-14.056530,-75.702033,266.552490
110107,30.697099,-14.126991,-75.676408,274.629768
110108,657.831076,-13.920592,-75.885223,243.230064
110109,360.540928,-13.869128,-75.619296,254.697643
110110,32.527040,-13.988080,-75.736451,258.152061
110111,2769.933249,-14.530233,-75.449611,325.577734
110112,186.128655,-14.060955,-75.900834,255.889475
110113,6.329508,-14.151807,-75.704464,275.342827
110114,1262.419316,-14.091470,-75.420636,287.366579
110201,225.289457,-13.327521,-76.011995,181.098582
110202,364.806440,-13.368272,-75.904089,191.990917
110203,426.540458,-13.134355,-75.976445,167.409898
110204,73.109662,-13.495345,-76.152319,187.837296
110205,755.366844,-13.514431,-75.944695,202.052693
110206,178.044795,-13.291032,-76.154066,168.669601
110207,210.650768,-13.275321,-76.088189,171.460716
110208,441.598877,-13.208608,-75.798517,186.890694
110209,210.659704,-13.069610,-75.747918,180.819489
110210,16.169647,-13.430302,-76.160100,181.231340
110211,12.628310,-13.456965,-76.178373,182.728129
110301,1144.305954,-14.853548,-75.104850,375.958859
110302,955.468671,-14.792846,-75.318967,357.796631
110303,611.814613,-14.674274,-74.994914,366.686878
110304,1945.349995,-15.215533,-75.083034,411.115629
110305,534.525586,-14.919984,-74.830803,399.114692
110401,131.429365,-14.488292,-75.134383,341.142823
110402,182.643207,-14.602867,-75.155643,349.991282
110403,313.905735,-14.375514,-75.149085,330.289490
110404,253.904347,-14.453030,-75.239388,331.218607
110405,336.108562,-14.163285,-75.154880,311.777435
110501,24.688584,-13.703332,-76.186482,206.302967
110502,898.926762,-13.550656,-75.629096,226.879657
110503,910.189309,-13.733935,-75.754862,233.876313
110504,268.728444,-13.648291,-76.012176,210.262722
110505,1425.814562,-14.090459,-76.145322,247.202279
110506,232.502911,-13.806876,-76.083145,221.667209
110507,136.904294,-13.636541,-76.150308,201.557095
110508,55.672020,-13.729645,-76.118876,212.274989
120101,226.858323,-11.994581,-75.030943,218.878454
120104,13.100924,-12.356905,-75.198828,203.360141
120105,125.383898,-12.397882,-75.234247,200.391256
120106,41.480827,-12.292430,-75.293400,192.110501
120107,26.844792,-12.077792,-75.182568,202.311185
120108,702.410954,-12.490717,-75.433367,181.718189
120111,41.601281,-12.210596,-75.243405,196.467239
120112,110.895176,-12.318925,-75.186553,204.019405
120113,110.911994,-12.259730,-75.146686,207.473063
120114,166.470686,-11.972180,-75.147342,206.317159
120116,24.347453,-12.183526,-75.211739,199.652823
120117,13.628670,-11.965810,-75.247353,195.482657
120119,12.270923,-12.109037,-75.208889,199.528944
120120,52.039474,-12.366216,-75.290908,193.689600
120121,14.051400,-12.134970,-75.220251,198.406842
120122,54.128180,-11.861244,-75.224160,198.906271
120124,580.811663,-11.943602,-74.899538,233.395813
120125,8.884395,-12.043156,-75.252012,194.742738
120126,111.329389,-12.175433,-75.107596,210.883760
120127,30.471001,-11.851224,-75.245899,196.677679
120128,159.660514,-11.885991,-75.157296,205.876223
120129,26.221724,-11.989283,-75.236588,196.542046
120130,21.032844,-11.934084,-75.292818,190.752689
120132,12.994792,-11.956391,-75.258265,194.351581
120133,123.571817,-12.118728,-75.139094,207.148833
120134,42.018155,-12.017898,-75.289865,190.661333
120135,877.041814,-11.836443,-74.740220,251.579188
120136,6.103152,-12.160598,-75.226150,197.919169
120201,18.244533,-11.910027,-75.318872,188.130013
120202,38.928756,-11.954733,-75.392891,179.741002
120203,505.909646,-11.687805,-74.839992,242.998783
120204,109.214394,-12.000542,-75.430941,175.372534
120205,108.440982,-11.612412,-75.155355,211.008415
120206,949.131275,-11.657891,-74.981986,228.388642
120207,25.114039,-11.838591,-75.286012,192.509202
120208,17.392039,-12.000126,-75.363627,182.691703
120209,56.271448,-11.589485,-75.114435,215.940306
120210,23.621760,-11.882987,-75.357711,184.200851
120211,25.224113,-11.927455,-75.360296,183.483498
120212,6.852547,-11.891342,-75.314927,188.742714
120213,45.093058,-11.973657,-75.323638,187.152351
120214,308.196956,-12.091795,-75.568303,160.411708
120215,16.133682,-11.869807,-75.303891,190.177897
120301,739.066041,-11.059475,-75.499358,200.786666
120302,1491.218486,-10.960226,-75.080767,245.539737
120303,1243.372748,-11.002255,-74.814648,269.095675
120304,192.501734,-10.841526,-75.224215,239.227698
120305,621.731731,-11.154969,-75.441321,200.632504
120306,393.415977,-11.258968,-75.299904,209.027296
120401,9.482105,-11.774808,-75.492865,171.316854
120402,120.155520,-11.678281,-75.569977,165.417055
120403,419.894259,-11.650575,-75.266195,198.286323
120404,5.625549,-11.797179,-75.445538,175.971912
120405,946.793605,-11.903277,-75.824885,133.431288
120406,65.547109,-11.765590,-75.679079,151.626326
120407,17.895192,-11.816405,-75.387641,181.875813
120408,19.672161,-11.789051,-75.396993,181.332451
120409,14.336735,-11.826160,-75.484852,171.250056
120410,12.049765,-11.766035,-75.472182,173.707559
120411,32.517578,-11.765211,-75.620156,157.913806
120412,19.113599,-11.754254,-75.428882,178.581538
120413,21.119458,-11.863643,-75.425513,177.103022
120414,109.257571,-11.830208,-75.626163,155.979078
120415,28.731284,-11.761010,-75.566445,163.737213
120416,14.511196,-11.773721,-75.415450,179.634564
120417,33.765611,-11.774371,-75.357647,185.824412
120418,314.240161,-11.595082,-75.328518,193.207552
120419,935.359565,-11.442418,-75.130602,218.739201
120420,11.949831,-11.837488,-75.435881,176.350477
120421,20.776823,-11.835929,-75.464893,173.246215
120422,34.020079,-11.688944,-75.526453,169.725264
120423,89.174262,-11.875504,-75.534169,165.206365
120424,11.393478,-11.748033,-75.499939,171.119592
120425,33.984655,-11.824055,-75.533907,166.005241
120426,281.514445,-11.634718,-75.684278,154.770684
120427,320.071071,-11.557460,-75.473866,179.214399
120428,24.333509,-11.833356,-75.375695,182.903301
120429,8.714742,-11.717316,-75.486498,173.253041
120430,4.692691,-11.793178,-75.482814,172.041681
120431,231.157431,-11.950623,-75.554752,162.198339
120432,32.699637,-11.696869,-75.604937,161.217889
120433,93.141085,-11.685262,-75.467696,176.041784
120434,19.605771,-11.799460,-75.512890,168.697511
120501,870.008218,-11.167397,-75.999077,149.922898
120502,204.659325,-10.912559,-76.018333,168.397742
120503,289.577847,-11.064645,-76.197559,142.814652
120504,1132.913809,-10.935741,-75.729764,189.003339
120601,815.693540,-11.154121,-74.522598,291.885858
120602,97.615701,-11.319209,-74.659276,271.846745
120603,308.414319,-11.477792,-74.663441,266.620506
120604,1258.876716,-11.376496,-74.288928,308.953155
120605,950.759887,-11.433443,-74.834495,249.888464
120606,4416.673360,-11.766741,-74.310470,298.905028
120607,488.508376,-11.103850,-74.723471,273.524841
120608,10288.753398,-11.560131,-73.784304,358.761822
120609,607.669190,-12.198107,-74.176859,312.026924
120701,445.609879,-11.459127,-75.756985,154.460743
120702,107.252972,-11.348633,-75.663488,169.043660
120703,164.759236,-11.521709,-75.618423,165.658510
120704,637.310405,-11.109318,-75.703751,179.258693
120705,151.537963,-11.362855,-75.817674,153.528530
120706,270.582791,-11.326357,-75.521357,184.001242
120707,167.879971,-11.261104,-75.773998,163.454002
120708,512.307425,-11.141255,-75.818796,167.048868
120709,215.103874,-11.433647,-75.537041,177.525088
120801,380.116434,-11.602063,-75.870560,136.813831
120802,186.133447,-11.716655,-75.819601,138.057196
120803,193.151905,-11.717619,-75.967633,122.570388
120804,883.625614,-11.417203,-76.252268,110.915739
120805,264.916460,-11.510162,-76.125412,116.307860
120806,322.878944,-11.438632,-75.997442,132.358462
120807,680.495747,-11.201486,-76.343337,120.955110
120808,100.341121,-11.563791,-75.993604,126.177668
120809,215.451946,-11.846985,-75.975449,118.211613
120810,410.786299,-11.740347,-76.112088,106.833901
120901,20.483693,-12.074216,-75.280010,191.711581
120902,72.089357,-12.090006,-75.344527,184.729238
120903,96.371725,-12.181165,-75.291423,190.996262
120904,23.925414,-12.030703,-75.339320,185.260504
120905,11.024418,-12.077089,-75.248272,195.166588
120906,26.306424,-12.115056,-75.298417,189.824193
120907,136.074875,-12.126163,-75.454912,172.878695
120908,11.770591,-12.118345,-75.245517,195.584946
120909,757.551522,-12.256016,-75.460328,173.592088
130101,38.222430,-8.117469,-79.025242,487.795973
130102,38.375601,-8.051681,-79.001691,493.241221
130103,2.507448,-8.080828,-79.022067,491.299994
130104,316.473217,-8.012963,-79.075499,500.665372
130105,21.118644,-8.063312,-79.059016,494.841875
130106,492.108072,-8.088298,-78.897768,484.698564
130107,27.356046,-8.161934,-79.002606,482.259599
130108,150.224476,-8.027462,-78.765321,485.038386
130109,289.734583,-8.269166,-78.884226,465.846651
130110,388.461427,-7.907933,-78.836597,500.334407
130111,11.898969,-8.140709,-79.044376,486.419312
130201,297.728145,-7.635633,-79.089558,539.261039
130202,896.666990,-7.780733,-79.004838,520.714230
130203,99.297996,-7.784610,-79.223518,530.657733
130204,160.253335,-7.869486,-79.299114,526.069718
130205,82.215075,-7.737636,-79.287709,538.507233
130206,310.328298,-7.686916,-79.383821,548.380816
130207,135.998884,-7.918827,-79.221930,517.272497
130208,659.054030,-7.586455,-79.202568,549.460578
130301,736.180764,-7.259724,-77.749798,537.863482
130302,164.271698,-7.478455,-77.689213,512.845259
130303,323.489410,-7.558804,-77.622041,503.015837
130304,188.889048,-7.062565,-77.889318,561.891889
130305,220.972128,-7.030837,-77.801911,563.878981
130306,100.190738,-7.152835,-77.850902,551.300678
130401,288.478371,-7.232395,-79.361891,592.562216
130402,587.888731,-7.081080,-79.458854,612.347045
130403,270.485754,-7.180688,-79.605407,609.595326
130501,227.686277,-8.099205,-78.479357,466.224394
130502,208.824202,-8.116875,-78.369364,460.436722
130503,234.257801,-8.156013,-78.574389,463.934159
130504,438.541501,-8.268325,-78.456487,447.681249
130601,401.903877,-7.848810,-78.563074,495.546870
130602,258.169801,-7.936834,-78.464966,482.761201
130604,65.784229,-7.805362,-78.473028,496.907962
130605,135.066762,-7.689140,-78.442789,508.187804
130606,41.421422,-7.902035,-78.665109,493.879128
130608,37.288643,-8.039566,-78.542373,474.817690
130610,22.141990,-7.884504,-78.699459,497.060237
130611,195.405606,-8.029575,-78.630178,479.261789
130613,453.454206,-7.759853,-78.791785,513.684976
130614,466.963858,-7.800956,-78.359527,493.600646
130701,682.335217,-7.500646,-79.405277,567.870091
130702,167.379269,-7.279385,-79.485494,593.820663
130703,48.647960,-7.358780,-79.552783,589.344717
130704,34.625800,-7.397567,-79.553784,585.578353
130705,178.281565,-7.381910,-79.357635,577.359998
130801,337.912899,-8.315375,-77.249723,415.488450
130802,229.831954,-8.140556,-77.381267,435.887145
130803,308.511723,-8.162443,-77.527015,435.115757
130804,226.013850,-8.443569,-77.219747,401.084023
130805,92.856326,-8.184726,-77.296553,430.295742
130806,125.142179,-8.023824,-77.594479,451.348574
130807,1312.230387,-8.224292,-77.083066,425.021844
130808,277.598131,-7.984465,-77.523189,454.718016
130809,392.875769,-7.726298,-77.576427,483.915207
130810,309.994019,-7.895110,-77.503250,464.347256
130811,130.439591,-8.433310,-77.364751,403.298328
130812,130.424832,-8.283797,-77.438669,420.619049
130813,118.373557,-8.331600,-77.375242,414.665505
130901,415.249485,-7.825752,-78.048089,482.051546
130902,416.825158,-7.810802,-77.835214,478.903476
130903,262.481496,-7.817651,-77.705084,475.774972
130904,98.214361,-7.847276,-77.949894,477.368509
130905,235.214341,-7.672116,-77.906175,495.504607
130906,336.807590,-7.797470,-78.188772,488.840864
130907,335.320563,-7.918858,-77.926323,469.044963
130908,397.331782,-7.623423,-77.771403,498.245324
131001,1079.303252,-8.379925,-78.282307,429.658041
131002,145.765154,-8.145200,-78.054401,447.700552
131003,269.928244,-8.011951,-78.053239,462.046093
131004,69.299248,-8.117875,-77.981141,448.743412
131005,68.999441,-8.141829,-77.937868,445.083746
131006,553.948377,-8.044500,-78.234994,463.733094
131007,167.620725,-8.186043,-78.107109,444.775598
131008,314.678239,-8.020240,-77.805052,455.398626
131101,466.528774,-7.508579,-78.749157,538.094785
131102,287.433845,-7.635710,-78.572612,518.279508
131103,300.026631,-7.673118,-78.682417,518.384556
131104,234.320410,-7.563800,-78.455564,521.913529
131201,1084.286790,-8.380982,-78.746787,448.192907
131202,1672.173531,-8.548077,-78.515131,421.016877
131203,426.696539,-8.820495,-78.650714,399.472003
140101,47.373587,-6.786061,-79.815666,659.231417
140102,721.281300,-6.632715,-79.470773,658.243389
140103,83.269479,-6.941510,-79.808984,643.569154
140104,13.168851,-6.954140,-79.847349,644.324822
140105,29.154509,-6.740309,-79.834252,664.693946
140106,40.953254,-6.819229,-79.859116,658.176908
140107,429.997981,-7.038251,-79.660130,626.443781
140108,46.793832,-6.864217,-79.867068,654.167187
140109,211.483280,-6.941000,-79.377799,622.743009
140110,486.678256,-6.778967,-79.250974,633.789962
140111,52.274644,-6.717475,-79.776561,664.072844
140112,66.448972,-6.800662,-79.899528,662.089264
140113,45.322635,-6.863199,-79.801675,650.904220
140114,13.588840,-6.882429,-79.913059,654.789008
140115,314.096458,-6.886450,-79.680691,642.532894
140116,164.428255,-6.897150,-79.534118,634.385623
140117,184.057688,-6.698700,-79.565662,655.852492
140118,76.673400,-6.779811,-79.750810,656.602388
140119,175.003137,-6.793791,-79.477681,642.195969
140120,125.682788,-6.773036,-79.687160,654.151913
140201,60.288910,-6.625694,-79.782564,673.504329
140202,288.786319,-6.067644,-79.294944,709.273179
140203,435.200830,-6.237339,-79.356369,694.036640
140204,209.395928,-6.632778,-79.676198,667.669583
140205,549.924128,-6.481018,-79.615593,680.161322
140206,31.056003,-6.628483,-79.823233,675.229028
140301,325.494278,-6.673255,-79.937948,676.594892
140302,77.308418,-6.159954,-79.627077,713.342654
140303,24.035785,-6.470780,-79.853767,692.432290
140304,687.377152,-6.298064,-79.870451,710.506181
140305,102.672769,-6.567176,-79.887582,684.517368
140306,1053.785933,-6.511898,-80.140617,702.992647
140307,555.852977,-6.163080,-79.757564,718.839020
140308,5681.717835,-5.969594,-79.971665,748.293496
140309,88.731532,-6.437428,-79.871874,696.643250
140310,1070.024978,-6.147076,-79.491802,708.898213
140311,45.533369,-6.775567,-79.942887,666.808192
140312,63.405050,-6.503229,-79.875455,690.265496
150101,21.552638,-12.055186,-77.026502,2.023718
150102,310.851389,-11.696872,-77.091280,39.222116
150103,84.596582,-12.038741,-76.896923,15.886683
150104,2.751560,-12.143931,-77.020254,11.118507
150105,3.206035,-12.059354,-77.050121,1.645777
150106,312.130289,-11.819267,-76.997823,25.725707
150107,42.802587,-11.992524,-76.776456,29.579796
150108,36.868693,-12.192303,-77.009017,16.634200
150109,225.264341,-12.072515,-76.777307,29.015645
150110,48.908030,-11.932321,-77.040606,12.687234
150111,13.318264,-12.041879,-76.995792,5.136612
150112,16.118022,-11.989002,-77.047387,6.401825
150113,4.335097,-12.078799,-77.046632,3.626571
150114,48.622706,-12.090113,-76.922696,13.935006
150115,9.115474,-12.074323,-77.018416,4.082997
150116,2.745883,-12.085313,-77.037029,4.372241
150117,18.201094,-11.965108,-77.073175,9.624019
150118,245.535780,-11.948832,-76.762701,32.339336
150119,188.360935,-12.238083,-76.783889,35.305355
150120,3.639524,-12.096095,-77.068352,6.185023
150121,4.635711,-12.076768,-77.067976,4.347139
150122,9.178096,-12.121498,-77.025887,8.550617
150123,185.556356,-12.149535,-76.791283,29.653578
150124,29.416967,-12.468434,-76.772497,55.361541
150125,50.558685,-11.876448,-77.074722,19.214210
150126,121.867055,-12.261760,-76.728918,41.684628
150127,129.609503,-12.298251,-76.699199,46.680887
150128,12.119442,-12.020492,-77.035293,2.994335
150129,53.652771,-12.367693,-76.718803,50.162296
150130,10.326861,-12.096228,-76.995671,7.547249
150131,9.763313,-12.098233,-77.035523,5.817653
150132,140.348408,-11.948751,-76.978092,12.939536
150133,22.348002,-12.155512,-76.972323,14.349815
150134,3.472321,-12.072337,-76.995952,5.854084
150135,36.438047,-11.987875,-77.098288,8.875124
150136,9.685092,-12.078436,-77.095662,6.762481
150137,10.715642,-12.043081,-76.961995,8.795006
150138,7.813277,-12.407972,-76.766285,50.193718
150139,17.555918,-11.804952,-77.160004,29.721957
150140,34.626663,-12.124973,-76.982275,10.938117
150141,4.603794,-12.114159,-77.010431,8.315953
150142,33.863381,-12.217501,-76.949238,21.573780
150143,66.221565,-12.176617,-76.919021,19.767411
150201,160.722135,-10.722266,-77.706598,164.055645
150202,413.441207,-10.506778,-77.751394,187.827555
150203,281.844895,-10.618783,-77.651498,172.056862
150204,519.126063,-10.814321,-77.602038,149.947043
150205,15.444446,-10.787700,-77.730535,158.769474
150301,552.220383,-10.444705,-76.956937,178.346336
150302,205.396259,-10.378535,-77.058582,185.466117
150303,336.122940,-10.620123,-76.988617,158.704702
150304,150.104852,-10.524233,-77.112924,169.429931
150305,282.693550,-10.614321,-77.223296,160.451220
150401,134.172638,-11.472512,-76.568519,82.084430
150402,135.268842,-11.649983,-76.682852,58.969624
150403,493.311274,-11.553465,-76.816888,60.074767
150404,327.391032,-11.409851,-76.476132,93.894581
150405,128.384559,-11.558651,-76.597594,72.729785
150406,107.565651,-11.442934,-76.647264,79.730478
150407,409.418968,-11.648935,-76.816873,50.574707
150501,519.898881,-13.190118,-76.254740,153.250246
150502,282.290156,-12.803790,-76.489793,103.434807
150503,526.992858,-12.465926,-76.438027,80.588986
150504,120.164487,-12.967481,-76.468775,119.886124
150505,483.265971,-12.419299,-76.603631,63.221322
150506,600.448490,-12.652303,-76.424357,95.140939
150507,52.267752,-13.041923,-76.365076,132.909143
150508,493.657596,-13.012486,-76.099374,148.413459
150509,131.117217,-12.654961,-76.607090,82.576922
150510,320.322769,-12.945322,-76.252729,131.710193
150511,238.520867,-12.895410,-76.089159,140.115388
150512,449.125066,-12.868499,-76.344570,118.758928
150513,39.303359,-12.616111,-76.668063,75.300636
150514,37.467427,-13.049068,-76.422415,130.247361
150515,94.331971,-12.561698,-76.660615,70.760767
150516,129.352797,-12.839381,-76.020125,141.794590
150601,645.222521,-11.404698,-77.190159,73.135470
150602,345.155445,-11.278147,-76.616084,97.246660
150603,176.573724,-11.347645,-76.755496,83.759240
150604,719.474704,-11.525825,-77.027892,57.908044
150605,155.016205,-11.499809,-77.299945,66.914275
150606,474.131501,-11.213020,-76.975914,92.953462
150607,147.946457,-11.242421,-76.854346,91.723956
150608,305.688522,-11.139855,-76.676409,108.416027
150609,41.585821,-11.294100,-76.764963,88.955204
150610,216.293563,-11.139023,-76.565908,113.482625
150611,236.855709,-11.393825,-76.849882,75.541831
150612,206.823038,-11.154774,-76.774005,103.376840
150701,180.601382,-11.809632,-76.391851,75.554607
150702,417.634625,-12.057563,-76.561122,52.394359
150703,50.637819,-11.814212,-76.581182,56.468585
150704,231.889975,-11.627650,-76.374398,86.368612
150705,235.135330,-11.673421,-76.246019,96.114806
150706,67.555439,-12.145613,-76.448171,65.586170
150707,78.808797,-11.688262,-76.610784,61.611110
150708,234.138899,-11.562863,-76.433355,85.387562
150709,240.497553,-12.047140,-76.291913,81.656092
150710,82.014533,-12.097422,-76.399537,70.175496
150711,76.735930,-12.156340,-76.372850,73.858291
150712,117.371289,-11.579893,-76.534493,75.839046
150713,168.547667,-12.266446,-76.368195,77.304898
150714,35.035263,-11.939090,-76.622248,47.273276
150715,96.536300,-11.986537,-76.456463,64.115515
150716,570.267782,-11.806448,-76.787408,38.521700
150717,42.824641,-11.915530,-76.499422,60.869798
150718,333.576156,-11.960489,-76.328865,78.235612
150719,128.396447,-11.725279,-76.468190,72.001458
150720,138.887569,-12.009860,-76.130932,99.252207
150721,450.138860,-12.107320,-76.118955,100.681430
150722,416.825143,-11.802053,-76.239262,91.546083
150723,134.530754,-11.836426,-76.522240,61.255161
150724,82.291997,-11.774059,-76.555299,61.076727
150725,39.407593,-12.093662,-76.202814,91.488360
150726,92.619824,-12.218735,-76.268510,86.327738
150727,33.152423,-11.927132,-76.560335,54.127730
150728,116.820377,-11.844070,-76.654789,47.831901
150729,94.822695,-12.041021,-76.200678,91.580490
150730,62.858895,-11.978943,-76.531132,56.152243
150731,577.837905,-12.268536,-76.533415,60.630219
150732,106.847027,-11.867817,-76.457659,66.678450
150801,711.140188,-11.273283,-77.520975,100.508073
150802,941.453486,-10.787256,-77.304712,142.890959
150803,3.292741,-11.088114,-77.619493,123.696901
150804,166.914167,-10.932856,-76.832538,125.922290
150805,6.057981,-11.091486,-77.604305,122.539653
150806,481.209737,-10.994005,-77.437427,124.669793
150807,294.726292,-11.057773,-76.918384,110.762705
150808,237.499419,-10.960469,-76.955876,121.120890
150809,374.603486,-10.955512,-76.673253,127.809817
150810,135.475702,-11.117769,-77.419477,111.112469
150811,1313.533492,-11.133203,-77.218792,103.336552
150812,257.661426,-10.960456,-77.594187,134.871698
150901,876.709146,-10.654078,-76.768283,157.685141
150902,152.971349,-10.764377,-76.931700,143.067876
150903,104.415682,-10.778105,-77.000105,141.104727
150904,258.462265,-10.881815,-77.139804,129.926639
150905,230.636576,-10.862180,-77.039797,131.679665
150906,255.129231,-10.836418,-76.812961,136.855646
151001,332.405675,-12.482401,-75.970612,126.185603
151002,140.739990,-12.288900,-75.662756,152.410616
151003,517.976028,-12.634480,-76.036271,127.397251
151004,244.850785,-12.362327,-76.061230,112.313948
151005,77.452336,-13.010594,-75.824948,170.204524
151006,209.916663,-12.763042,-75.733122,163.030652
151007,122.081826,-12.368565,-75.875890,131.782668
151008,118.298945,-12.740275,-75.920615,144.242415
151009,212.271051,-12.927160,-75.914380,156.840590
151010,38.293783,-12.285198,-76.194570,95.947917
151011,346.467904,-12.575270,-75.856249,141.684723
151012,121.059453,-12.761170,-75.665827,169.346516
151013,54.040229,-12.357660,-76.185142,99.430691
151014,277.558580,-12.101883,-75.820406,133.060097
151015,50.062502,-12.935260,-75.820370,165.470183
151016,513.310308,-12.513967,-75.705613,154.308128
151017,42.346813,-12.267876,-76.060281,109.603467
151018,409.609741,-12.406392,-75.671787,154.275058
151019,218.347866,-12.801100,-75.603751,177.374046
151020,208.665469,-12.953448,-75.705107,176.806531
151021,201.929056,-12.215725,-75.893011,126.405712
151022,294.496480,-12.485914,-76.282949,95.942787
151023,71.383412,-12.662660,-75.911285,140.716523
151024,114.746565,-12.306600,-76.151075,101.150619
151025,157.464932,-12.340706,-76.280176,89.113132
151026,75.584341,-12.244469,-76.111823,103.571528
151027,100.370561,-12.497353,-76.190778,105.283368
151028,346.005816,-12.123981,-76.012230,112.385973
151029,530.567328,-12.688838,-76.183834,117.503788
151030,291.593288,-12.165184,-75.706970,145.833566
151031,290.326852,-12.681244,-75.757743,156.412392
151032,157.004962,-12.895090,-75.756236,168.573132
151033,104.916748,-12.165729,-75.854688,129.853617
160101,366.898678,-3.785745,-73.460522,999.546396
160102,14563.917297,-3.268132,-74.309783,1021.418418
160103,4567.908104,-4.258591,-73.063244,970.285526
160104,3365.547455,-3.888154,-72.879727,1016.230456
160105,6719.591590,-3.604706,-72.479661,1064.566612
160106,10053.997675,-2.959767,-73.885126,1068.548662
160107,24173.550804,-2.049588,-74.534914,1145.440497
160108,1602.953515,-3.510799,-73.487777,1026.605916
160110,6924.039371,-1.309214,-74.933671,1216.362949
160112,652.910940,-3.852092,-73.263702,1001.555419
160113,3200.886034,-4.090294,-73.526779,965.526536
160201,2235.513415,-5.839322,-76.106512,697.807931
160202,3003.831566,-5.726266,-76.596274,704.475056
160205,4346.517829,-5.329704,-76.237792,752.079595
160206,6059.465411,-4.589029,-76.056279,836.284962
160210,2271.430958,-5.659190,-75.716622,725.001397
160211,1320.557056,-5.970965,-75.805317,689.078642
160301,6762.314927,-4.422912,-74.222917,902.625681
160302,13222.568139,-4.833487,-74.556654,847.312188
160303,20129.965189,-3.055236,-75.211913,1019.895560
160304,12572.554170,-3.099999,-75.873511,1003.091054
160305,15777.937717,-4.290949,-75.446710,880.050305
160401,6858.567092,-3.667304,-70.905022,1150.785531
160402,11231.648502,-3.484219,-71.845105,1110.732629
160403,14339.772569,-4.583339,-72.492759,968.969609
160404,5082.278764,-3.716268,-71.396880,1115.332155
160501,3074.728546,-5.364891,-73.863579,820.934993
160502,9068.326856,-6.740246,-74.266458,663.938713
160503,801.163594,-5.378671,-74.166684,805.921998
160504,4641.017541,-6.273632,-74.530692,698.583590
160505,4895.395796,-6.428798,-74.797562,671.458756
160506,6285.792715,-5.602319,-74.930687,753.154059
160507,2595.543564,-4.773560,-73.387296,903.025085
160508,4697.995399,-6.267064,-73.655980,742.349969
160509,2091.900617,-6.029921,-73.944325,750.481958
160510,1160.411246,-4.988348,-73.658624,868.476707
160511,11048.752020,-6.041980,-73.411479,777.577258
160601,11011.047706,-7.928137,-75.522908,487.226970
160602,630.184429,-7.051434,-75.337811,586.016577
160603,2436.840657,-7.867029,-74.899409,520.622004
160604,7476.530918,-7.380180,-75.801012,536.402836
160605,6249.335927,-6.396934,-75.218044,659.319748
160606,1898.251985,-6.976905,-74.958017,608.271942
160701,7386.489214,-4.965244,-77.243814,787.698417
160702,4784.498270,-5.296654,-76.911648,750.675800
160703,3565.999627,-4.673185,-77.490661,821.341085
160704,11033.609189,-3.814601,-77.356869,915.986413
160705,9099.765622,-4.058654,-76.919537,888.300373
160706,11787.629887,-3.375462,-76.639616,965.185305
160801,11069.970446,-2.303140,-73.415814,1154.758980
160802,7170.499303,-1.609561,-73.713530,1217.182728
160803,9623.252231,-0.744973,-74.764170,1281.555667
160804,17963.341146,-2.815886,-71.100921,1217.258123
170101,20714.519788,-12.187271,-69.847916,782.345017
170102,4849.126682,-12.973402,-69.928040,779.158221
170103,7741.395221,-11.978579,-69.469813,823.646555
170104,2677.573904,-12.395881,-70.136623,751.512501
170201,8694.043353,-12.387041,-71.511565,602.297822
170202,10656.723424,-12.016467,-70.913979,666.518137
170203,7845.747273,-12.667492,-70.634097,699.503394
170204,1523.237059,-12.998513,-70.673877,699.378516
170301,13817.837556,-10.689664,-70.922534,684.005587
170302,2584.337498,-11.444341,-69.721327,799.844603
170303,3512.360913,-11.630030,-69.958882,772.308396
180101,3483.941028,-17.201433,-70.757169,886.305658
180102,2263.866052,-16.711113,-70.272325,894.690919
180103,68.855487,-16.770893,-70.674226,863.748632
180104,64.595408,-17.153416,-70.837015,876.364347
180105,539.512509,-16.669794,-70.666221,857.779937
180106,1768.955269,-16.979522,-70.688078,876.619759
180107,460.169338,-17.321090,-71.024698,873.300810
180201,255.339222,-16.640818,-70.953690,831.259591
180202,858.352045,-16.445644,-70.536833,854.768334
180203,244.600423,-16.578676,-71.059384,818.110809
180204,998.921440,-16.202079,-70.490513,844.070375
180205,778.958579,-16.816460,-71.296984,814.795978
180206,255.278630,-16.297788,-70.636843,836.753363
180207,562.350900,-16.545333,-70.829367,835.581646
180208,593.816369,-16.659765,-71.131544,817.534140
180209,194.602750,-16.680976,-70.871198,840.963471
180210,880.042376,-16.211722,-70.781152,818.626357
180211,110.737663,-16.217800,-70.658741,829.909455
180301,279.885899,-17.721426,-71.192091,890.564531
180302,747.031189,-17.575142,-71.149915,882.523074
180303,332.062471,-17.437199,-71.347254,856.784147
190101,15.546316,-10.697880,-76.249543,173.095378
190102,828.702575,-10.576791,-75.828385,210.323806
190103,123.150396,-10.455795,-76.149219,201.936150
190104,1017.853017,-10.943625,-76.423539,139.962296
190105,538.039384,-10.794506,-76.083024,174.127554
190106,72.608539,-10.425116,-76.259626,199.488519
190107,794.012083,-10.755272,-75.769392,199.691451
190108,120.212393,-10.548707,-76.233009,188.495483
190109,691.073241,-10.719503,-76.377741,164.392134
190110,714.008093,-10.532266,-76.055865,199.818577
190111,96.144139,-10.761544,-76.246089,167.190651
190112,171.412627,-10.868365,-76.239989,157.521134
190113,157.748882,-10.634559,-76.181931,182.904416
190201,741.121934,-10.575966,-76.588830,170.832613
190202,160.159144,-10.471770,-76.431454,187.353755
190203,19.311447,-10.487595,-76.403416,186.829028
190204,107.487094,-10.351375,-76.447933,199.333812
190205,76.586004,-10.419230,-76.544543,188.917018
190206,285.303183,-10.459366,-76.328753,192.886819
190207,46.627591,-10.418727,-76.464173,191.675017
190208,82.466620,-10.534243,-76.450379,180.125759
190301,402.195174,-10.656474,-75.353286,240.438530
190302,437.895685,-10.643981,-75.472757,231.549501
190303,1134.988234,-10.403070,-75.656855,237.146418
190304,2789.745712,-10.223849,-75.283003,279.158747
190305,716.581972,-10.122284,-75.586036,266.536967
190306,7678.037367,-10.421781,-74.625817,319.557670
190307,823.220210,-10.639471,-75.177680,256.553393
190308,3053.182527,-9.772380,-74.646621,363.835998
200101,194.565032,-5.100709,-80.682330,869.721804
200104,651.323879,-5.111679,-80.533992,861.254239
200105,2268.374929,-5.472929,-80.358080,816.613046
200107,215.644546,-5.364444,-80.590971,839.021828
200108,100.155742,-5.439643,-80.592723,831.700326
200109,169.856971,-5.312565,-80.768998,853.351817
200110,318.312892,-5.328401,-80.882210,857.849099
200111,552.656022,-4.707658,-80.312037,891.661977
200114,1484.442598,-4.915564,-80.357850,872.610808
200115,71.429197,-5.168308,-80.685592,863.205737
200201,1563.483587,-4.702412,-79.649743,865.439685
200202,559.908901,-4.906629,-79.965797,856.439332
200203,97.107652,-4.530690,-79.833108,890.241905
200204,189.371242,-4.783974,-79.847060,864.373553
200205,131.167392,-4.647000,-79.850657,878.774790
200206,962.803122,-4.931479,-79.648405,841.373210
200207,323.043775,-4.653530,-80.018347,884.743035
200208,275.282171,-4.781467,-79.990119,870.364208
200209,34.135215,-4.569750,-79.779145,884.125145
200210,1069.611269,-4.447979,-80.040313,906.920274
200301,443.588945,-5.184383,-79.485080,808.828940
200302,311.515633,-5.300539,-79.616924,801.637807
200303,656.491272,-5.008307,-79.344408,822.457012
200304,1912.614933,-5.683028,-79.577031,760.327614
200305,145.878978,-5.177763,-79.665528,816.310145
200306,207.444832,-5.412731,-79.578775,788.473656
200307,343.019155,-5.394177,-79.359156,782.230235
200308,228.746103,-5.411855,-79.442895,783.417035
200401,835.295843,-5.121216,-80.197606,844.470647
200402,247.555706,-5.280985,-79.948545,817.205572
200403,149.067790,-5.073410,-79.772216,831.345670
200404,982.164954,-5.359938,-80.098042,815.737467
200405,172.173895,-5.139648,-79.995102,833.692446
200406,608.615835,-5.446214,-79.846832,795.911159
200407,250.380569,-5.295023,-79.744251,807.249126
200408,80.398956,-5.131020,-79.878204,829.669608
200409,189.579612,-5.051425,-79.924904,839.811245
200410,218.516243,-5.148100,-79.774126,823.672472
200501,700.560164,-5.157101,-81.065175,884.398139
200502,63.829893,-4.841447,-80.997835,911.491346
200503,8.257445,-4.899800,-81.032078,907.592091
200504,122.341313,-4.952527,-81.065023,904.214915
200505,574.886007,-5.085527,-80.907588,882.859991
200506,64.802156,-4.837584,-80.960643,909.928203
200507,157.602544,-4.845460,-81.103591,916.701082
200601,525.246045,-4.844553,-80.589985,890.673058
200602,2.160193,-4.888752,-80.675296,890.412764
200603,187.835120,-4.829211,-80.886175,906.909009
200604,2135.430350,-4.404188,-80.587095,934.889674
200605,1646.907010,-4.536415,-80.792472,931.296144
200606,476.381863,-5.081004,-80.786694,876.992711
200607,277.055938,-4.743402,-80.612710,901.901982
200608,31.255964,-4.841207,-80.685205,895.637108
200701,1118.729375,-4.488083,-81.061950,949.549982
200702,479.663975,-4.305371,-81.093066,969.185453
200703,824.088866,-4.705847,-81.086193,929.408441
200704,237.429085,-4.406511,-81.203257,964.875112
200705,163.445125,-4.177776,-81.068784,980.625874
200706,98.594759,-4.153819,-81.007076,979.969494
200801,5627.354105,-5.921287,-80.717243,791.561945
200802,13.766222,-5.427440,-80.745802,840.904285
200803,71.165290,-5.456855,-80.701735,835.698008
200804,262.985976,-5.540632,-80.649489,824.752161
200805,258.912046,-5.449247,-80.856069,844.716870
200806,19.861155,-5.481250,-80.776179,837.288774
210101,460.071419,-15.899165,-70.041452,868.322866
210102,1917.242575,-16.287519,-69.908250,902.050932
210103,13.842767,-15.664611,-69.710124,887.835640
210104,130.521470,-15.677615,-70.155844,845.904539
210105,103.819287,-15.604054,-69.831713,873.181427
210106,115.261463,-15.933251,-69.909646,882.515060
210107,99.567182,-15.562326,-69.965563,858.266668
210108,128.617153,-15.623749,-69.994562,858.530225
210109,410.022566,-15.888795,-70.394612,834.822377
210110,173.667121,-15.725087,-70.073700,856.143166
210111,1637.531232,-16.252111,-70.168212,876.234244
210112,244.472558,-15.961431,-69.873214,887.432375
210113,336.868094,-16.093690,-70.322404,853.026330
210114,488.848947,-15.926509,-70.287871,846.809682
210115,194.606107,-15.787536,-70.261328,841.731482
210201,719.924750,-14.861834,-70.150334,808.346112
210202,126.409732,-15.237113,-70.172886,822.651218
210203,335.983789,-15.079646,-70.093121,823.343835
210204,403.314814,-14.727427,-70.357598,782.108697
210205,117.808124,-15.295464,-70.090296,833.414053
210206,151.930947,-15.111566,-69.932585,840.583729
210207,66.884109,-15.035399,-70.331273,797.937218
210208,783.660192,-14.683670,-69.965906,819.745625
210209,621.569786,-14.413623,-70.055605,800.733595
210210,203.506512,-15.293629,-70.026775,839.517473
210211,515.296624,-14.519621,-70.250263,784.764392
210212,397.025328,-14.670165,-70.162110,799.435224
210213,104.554774,-14.996841,-70.118525,817.224509
210214,318.665652,-15.080091,-70.248154,808.109095
210215,200.582911,-14.925048,-70.393323,786.932418
210301,1016.399674,-14.057172,-70.456963,747.550802
210302,425.994476,-14.183772,-70.229979,775.057586
210303,2049.966316,-13.534291,-70.142982,766.216131
210304,3119.114169,-13.661443,-69.834218,801.786141
210305,886.434342,-13.908043,-70.659902,721.882017
210306,854.717802,-14.350805,-69.929338,811.516263
210307,1257.779338,-13.856953,-70.140657,774.522269
210308,709.862536,-13.750203,-70.525429,731.329382
210309,745.233249,-13.539604,-70.408714,738.235631
210310,656.191101,-14.147781,-69.967211,801.064811
210401,772.293507,-16.336430,-69.529917,939.719696
210402,174.560022,-16.613442,-69.088065,995.898671
210403,627.179265,-16.595953,-69.401513,966.025302
210404,491.996965,-16.717567,-69.204050,991.014911
210405,956.294456,-16.947905,-69.434997,983.504160
210406,400.942008,-16.363007,-69.288495,963.647522
210407,522.859782,-16.498747,-69.189358,980.225516
210501,890.168697,-16.234890,-69.675135,920.670260
210502,1041.288779,-17.097629,-69.713897,967.997009
210503,152.891828,-16.090194,-69.516804,927.763715
210504,2694.178405,-16.851668,-69.823344,943.046618
210505,844.416041,-16.567668,-69.630870,943.437205
210601,387.159251,-15.184288,-69.823502,854.527162
210602,879.182700,-15.015615,-69.447048,884.922790
210603,106.149587,-15.024615,-69.804854,849.540818
210604,296.544018,-15.003532,-69.645880,864.529308
210605,197.575264,-15.444277,-69.972783,851.850443
210606,305.196134,-15.220267,-69.503168,887.755961
210607,196.930437,-15.308388,-69.949866,847.702978
210608,508.127049,-15.157057,-69.619060,873.577689
210701,660.656834,-15.337771,-70.399030,805.557871
210702,384.752969,-15.575802,-70.390885,818.358246
210703,137.913631,-15.314176,-70.211621,822.513403
210704,133.190942,-15.224814,-70.286367,811.028778
210705,879.782876,-15.181413,-70.846549,754.833511
210706,494.821057,-15.303100,-70.624484,782.198423
210707,747.318430,-15.449468,-70.682013,784.219535
210708,525.281099,-15.068894,-70.450508,787.774049
210709,1588.498624,-15.584065,-70.616263,797.535795
210710,161.058934,-15.179316,-70.644493,774.160892
210801,1016.909643,-14.934745,-70.619987,765.050993
210802,654.884962,-14.383934,-70.384662,766.106311
210803,216.644708,-14.911084,-70.929245,733.726050
210804,228.831423,-14.996796,-70.924026,738.308157
210805,691.400515,-14.715959,-70.951950,722.585968
210806,2200.804387,-14.377403,-70.711518,732.678131
210807,397.253334,-14.699644,-70.499150,766.822738
210808,803.747954,-14.583764,-70.822309,729.759287
210809,331.637688,-14.885035,-70.743690,750.660310
210901,504.605526,-15.342749,-69.492567,894.099514
210902,67.365038,-15.454285,-69.414965,906.676028
210903,403.084156,-15.276451,-69.287194,911.559578
210904,51.914303,-15.488467,-69.331708,916.373428
211001,1035.945095,-14.721165,-69.797544,838.187023
211002,964.688380,-14.681738,-69.503469,866.568311
211003,142.694524,-15.018024,-69.904046,839.400125
211004,523.793227,-14.848443,-69.633264,859.641845
211005,466.895459,-14.490906,-69.208542,890.274787
211101,394.278846,-15.445291,-70.231412,826.963555
211102,192.875144,-15.644715,-70.268486,833.527612
211103,1268.434278,-15.826675,-70.643354,808.356588
211104,277.383303,-15.553687,-70.082559,846.612685
211105,120.836829,-15.409526,-70.133176,834.676532
211201,700.821125,-14.311370,-69.435344,861.187868
211202,511.660340,-14.535260,-69.554953,856.166771
211203,2392.129772,-13.838549,-69.598373,830.935962
211204,471.634803,-14.300759,-69.635399,840.167676
211205,432.380929,-14.076933,-69.569353,840.331150
211206,413.053579,-14.449659,-69.349586,874.411466
211207,201.704319,-14.200588,-69.096453,893.142212
211208,646.228880,-14.344026,-69.116428,895.229384
211209,1360.492332,-14.040147,-69.298112,867.670035
211210,5538.355698,-13.614583,-69.223614,865.430799
211301,174.721074,-16.277954,-69.119904,974.990268
211302,120.270777,-16.314805,-68.869488,1000.582006
211303,59.261704,-16.380264,-69.052643,986.670287
211304,23.711545,-16.294084,-69.183056,969.879116
211305,27.128154,-16.233880,-68.994405,984.609059
211306,4.046299,-16.197561,-68.969876,985.105423
211307,8.013484,-16.222318,-68.972940,986.062731
220101,2697.333897,-5.759699,-77.059404,699.051616
220102,115.874143,-6.012754,-77.096976,670.937207
220103,68.791357,-6.089208,-77.100871,662.440163
220104,386.074815,-6.169245,-76.910192,653.671833
220105,583.415339,-6.263558,-77.062288,643.026202
220106,69.616904,-5.972825,-77.035338,675.351226
220201,259.396633,-6.983012,-76.588221,565.224218
220202,5958.412764,-7.787456,-76.341732,479.755285
220203,1122.395449,-7.217508,-76.259793,543.761942
220204,256.308769,-7.319313,-76.543457,528.468388
220205,348.010030,-6.831568,-76.600260,581.889596
220206,107.168424,-7.021171,-76.483449,562.134181
220301,308.480526,-6.614885,-76.713638,605.034982
220302,152.639643,-6.711756,-76.711557,594.296623
220303,520.610716,-6.409513,-76.871258,627.075670
220304,249.221316,-6.700692,-76.584113,596.540309
220305,62.016039,-6.515207,-76.684472,616.295283
220401,525.409409,-6.861805,-76.858149,576.856015
220402,1378.183355,-6.591691,-76.937063,606.646857
220403,124.646802,-6.981923,-76.692879,564.449207
220404,179.713381,-7.017063,-76.843287,559.664318
220405,161.708045,-7.102980,-76.781817,550.427092
220406,46.938896,-7.068307,-76.649124,555.218163
220501,129.433273,-6.396562,-76.516180,630.884354
220502,296.243837,-6.293430,-76.782173,640.339960
220503,1057.469692,-6.296337,-76.074769,648.140289
220504,1271.693022,-6.193623,-76.316780,655.657742
220505,182.075618,-6.588442,-76.433801,610.562131
220506,559.708574,-6.191820,-76.660640,652.349011
220507,33.249245,-6.440646,-76.469531,626.495880
220508,652.198129,-6.202366,-76.548124,652.090310
220509,24.348928,-6.406155,-76.574031,629.271655
220510,361.953102,-6.365590,-76.668764,633.008830
220511,174.417564,-6.533538,-76.526939,615.608365
220601,447.629401,-7.272003,-76.750358,531.855073
220602,1809.739651,-7.672634,-76.788447,487.137830
220603,9741.659111,-7.223336,-77.302883,537.057167
220604,1800.491382,-6.950775,-77.078026,566.620777
220605,454.313962,-7.342450,-76.622316,525.080639
220701,217.299343,-6.969873,-76.342084,569.686986
220702,311.244937,-6.747108,-76.399205,593.465930
220703,76.026884,-6.916905,-76.421678,574.424518
220704,68.369801,-6.760990,-76.278615,593.655041
220705,202.952594,-6.824936,-76.375324,585.195082
220706,30.084434,-6.975112,-76.436615,567.803784
220707,103.977933,-6.934889,-76.510592,571.361165
220708,392.472454,-7.056048,-76.075744,564.936351
220709,335.318527,-6.982779,-76.230534,570.046772
220710,370.522756,-6.810364,-76.145805,590.470093
220801,208.941810,-6.082257,-77.196771,663.397755
220802,506.384773,-5.869670,-77.457493,688.328232
220803,169.329474,-6.042815,-77.301114,668.169994
220804,334.004749,-5.939754,-77.339831,679.810449
220805,1165.502945,-5.721921,-77.617086,706.071312
220806,52.561803,-5.987750,-77.178868,673.856683
220807,69.118187,-5.842867,-77.263669,690.227484
220808,81.756376,-6.165984,-77.147951,653.974285
220809,62.057859,-5.933302,-77.239015,680.086697
220901,58.469326,-6.491044,-76.368328,622.142496
220902,51.789273,-6.691523,-76.256365,601.649020
220903,52.449245,-6.460155,-76.430003,624.789197
220904,952.248724,-6.636949,-75.966904,612.968618
220905,306.268571,-6.449424,-75.599097,642.191321
220906,489.593080,-6.257360,-75.881987,656.193080
220907,1714.065588,-6.599052,-75.665189,624.279060
220908,192.166432,-6.619285,-76.334549,608.446707
220909,266.634621,-6.467225,-76.271393,626.120949
220910,50.681683,-6.499351,-76.420499,620.569643
220911,990.633424,-6.262348,-75.646120,661.164487
220912,78.304689,-6.396623,-76.388894,632.309415
220913,100.832673,-6.709328,-76.212557,600.399239
220914,237.753079,-6.578813,-76.212573,614.749943
221001,1006.545885,-8.263098,-76.619833,423.222602
221002,824.943063,-8.542195,-76.220791,399.889923
221003,2263.075136,-7.982760,-76.846884,452.364879
221004,1060.141188,-8.413305,-76.888029,404.336431
221005,603.585784,-8.388978,-76.400314,412.717260
221006,268.329382,-8.264619,-76.414343,426.101388
230101,1908.832260,-18.106001,-69.980679,1014.018387
230102,374.041667,-17.800342,-70.271188,968.574152
230103,110.007617,-17.954436,-70.151519,989.334495
230104,178.468842,-17.851316,-70.193265,978.530067
230105,1434.277753,-17.674906,-70.408616,948.450428
230106,611.327238,-17.779336,-70.047195,985.276561
230107,1452.666950,-17.693305,-69.871535,993.789802
230108,268.738937,-18.009840,-70.103861,997.172779
230109,1134.713533,-17.989609,-70.706960,948.264028
230110,187.314258,-18.103332,-70.219936,994.783541
230111,541.697668,-18.211066,-70.450674,984.866423
230201,1381.435477,-17.056435,-70.196076,923.533441
230202,176.381796,-17.195100,-70.321861,922.077791
230203,493.205980,-17.162363,-70.439754,909.937430
230204,112.047889,-17.398026,-70.343784,934.159550
230205,90.856921,-17.302613,-70.315888,929.899245
230206,55.221899,-17.340297,-70.256179,937.473626
230301,845.866764,-17.607565,-70.728613,917.926040
230302,1057.705202,-17.383915,-70.564341,915.009584
230303,825.234534,-17.812268,-70.939286,916.854305
230401,880.118516,-17.369700,-69.706479,986.077122
230402,377.859771,-17.488170,-70.209882,951.514047
230403,295.104283,-17.638177,-70.053493,974.877892
230404,147.556048,-17.646687,-70.121185,969.883663
230405,233.009708,-17.393956,-70.150554,949.984187
230406,359.145881,-17.203300,-70.017725,948.472604
230407,106.573580,-17.502561,-69.944672,974.651083
230408,355.420316,-17.343531,-69.978295,961.121412
240101,151.509464,-3.556771,-80.416967,1014.420457
240102,128.305813,-3.588356,-80.501101,1014.585817
240103,64.499408,-3.669770,-80.566307,1008.924353
240104,725.725086,-3.837890,-80.352753,982.718674
240105,585.804737,-3.927385,-80.494656,979.417713
240106,115.102998,-3.685635,-80.321262,997.224106
240201,647.639602,-3.824035,-80.716927,999.673127
240202,855.612021,-4.019087,-80.621676,975.567660
240203,625.203074,-4.037413,-80.885611,985.797764
240301,112.442597,-3.455651,-80.300200,1020.318491
240302,47.511394,-3.495740,-80.248038,1014.129917
240303,390.043089,-3.772080,-80.248764,985.373789
240304,202.423265,-3.565710,-80.285684,1008.289934
250101,11653.254258,-7.896462,-74.184547,557.560295
250102,1325.730867,-8.558830,-74.812339,458.162437
250103,7372.789145,-9.435269,-74.239062,422.019772
250104,14708.212989,-9.010507,-73.664374,500.332270
250105,661.693533,-8.236419,-74.662096,497.350246
250106,2061.621866,-8.171015,-75.101617,480.449317
250107,644.972724,-8.567067,-74.485887,477.389035
250201,14539.716178,-10.646278,-73.290793,437.662820
250202,7732.041684,-11.075054,-72.831449,471.313276
250203,7675.408285,-9.953112,-73.838495,420.109416
250204,9026.905088,-9.888938,-72.622458,538.853694
250301,3576.042408,-8.920935,-75.556755,383.633142
250302,1878.313434,-8.923168,-75.260509,398.212971
250303,1879.102156,-8.424962,-75.233563,448.704567
250304,623.872075,-8.622575,-75.053196,438.514791
250305,205.289812,-8.822464,-75.040676,420.040809
250306,590.161503,-8.816290,-75.445026,399.406221
250307,549.113231,-9.071149,-75.759420,359.341676
250401,18421.987300,-10.218184,-71.576847,630.012621
