region,region_code,rate_2025,source
Amazonas,01,4.1,"INEI (2026) Informe tecnico homicidios 2022-2025, p. 8 chart (estimated)"
Ancash,02,7.2,"INEI (2026) Informe tecnico homicidios 2022-2025, p. 8 chart (estimated)"
Apurimac,03,3.8,"INEI (2026) Informe tecnico homicidios 2022-2025, p. 8 chart (estimated)"
Arequipa,04,9.2,"INEI (2026) Informe tecnico homicidios 2022-2025, p. 8 chart (estimated)"
Ayacucho,05,4.0,"INEI (2026) Informe tecnico homicidios 2022-2025, p. 8 chart (estimated)"
Cajamarca,06,5.3,"INEI (2026) Informe tecnico homicidios 2022-2025, p. 8 chart (estimated)"
Prov. Const. del Callao,07,23.6,"INEI (2026) Informe tecnico homicidios 2022-2025, p. 8 chart (estimated)"
Cusco,08,6.9,"INEI (2026) Informe tecnico homicidios 2022-2025, p. 8 chart (estimated)"
Huancavelica,09,5.3,"INEI (2026) Informe tecnico homicidios 2022-2025, p. 8 chart (estimated)"
Huanuco,10,10.5,"INEI (2026) Informe tecnico homicidios 2022-2025, p. 8 chart (estimated)"
Ica,11,10.8,"INEI (2026) Informe tecnico homicidios 2022-2025, p. 8 chart (estimated)"
Junin,12,10.1,"INEI (2026) Informe tecnico homicidios 2022-2025, p. 8 chart (estimated)"
La Libertad,13,14.5,"INEI (2026) Informe tecnico homicidios 2022-2025, p. 8 chart (estimated)"
Lambayeque,14,6.4,"INEI (2026) Informe tecnico homicidios 2022-2025, p. 8 chart (estimated)"
Lima Metropolitana,1501,11.4,"INEI (2026) Informe tecnico homicidios 2022-2025, p. 8 chart (estimated); 43 districts of Lima province"
Region Lima,15xx,23.1,"INEI (2026) Informe tecnico homicidios 2022-2025, p. 8 chart (estimated); provinces of Lima department other than Lima"
Loreto,16,3.4,"INEI (2026) Informe tecnico homicidios 2022-2025, p. 8 chart (estimated)"
Madre de Dios,17,24.6,"INEI (2026) Informe tecnico homicidios 2022-2025, p. 8 chart (estimated)"
Moquegua,18,6.0,"INEI (2026) Informe tecnico homicidios 2022-2025, p. 8 chart (estimated)"
Pasco,19,10.8,"INEI (2026) Informe tecnico homicidios 2022-2025, p. 8 chart (estimated)"
Piura,20,10.1,"INEI (2026) Informe tecnico homicidios 2022-2025, p. 8 chart (estimated)"
Puno,21,14.8,"INEI (2026) Informe tecnico homicidios 2022-2025, p. 8 chart (estimated)"
San Martin,22,9.8,"INEI (2026) Informe tecnico homicidios 2022-2025, p. 8 chart (estimated)"
Tacna,23,3.3,"INEI (2026) Informe tecnico homicidios 2022-2025, p. 8 chart (estimated)"
Tumbes,24,20.6,"INEI (2026) Informe tecnico homicidios 2022-2025, p. 8 chart (estimated)"
Ucayali,25,5.1,"INEI (2026) Informe tecnico homicidios 2022-2025, p. 8 chart (estimated)"
